year;idhous;region;refper;hldtyp;nbpers;nbkid;aduk1;aduk2;idispy;hdbgt;idpers;sex;age;edcat;occupa;iavsy;relarp;idspou;civsta;maxcop;ownkid;edyear;mnist;nat_1;nat_2;nat_3;permit;hab_ch;plingu
2003;51;Lake Gen;5101;one pers;1;0;0;0;58058.79688;8317.957024;5101;man;42;vocation;full-tim;inapplicable;Referenc;inapplicable;divorced;0;2;16;33.224228;Switzerl;Italy;inapplic;inapplic;since bi;french
2003;271;Lake Gen;27101;couple w;5;3;0;0;62375.42969;12258.14875;27101;woman;35;compulso;child. w;inapplicable;Referenc;27102;married;14;3;9;60.873891;Switzerl;inapplic;inapplic;inapplic;since bi;french
2003;341;Lake Gen;34101;one pers;1;0;0;0;64287.60156;9161.987991;34101;woman;38;full-tim;full-tim;inapplicable;Referenc;inapplicable;single.;0;0;12;55.337088;Switzerl;inapplic;inapplic;inapplic;1965;french
2003;421;Lake Gen;42101;couple w;3;1;0;0;91874.39844;15483.24508;42101;man;30;vocation;full-tim;inapplicable;Referenc;42102;married;6;2;16;31.815392;Switzerl;inapplic;inapplic;inapplic;since bi;french
2003;741;Lake Gen;74101;couple w;5;3;0;0;58955.62109;11522.09407;74101;man;43;apprenti;full-tim;inapplicable;Referenc;74102;married;20;3;12;49.877664;Italy;inapplic;inapplic;resident;1971;french
2003;881;Lake Gen;88101;couple w;2;0;0;0;114207.2031;19365.66363;88101;man;69;vocation;retired;67210;Referenc;88102;married;40;2;16;30.101144;Switzerl;inapplic;inapplic;inapplic;1977;french
2003;991;Lake Gen;99101;one pers;1;0;0;0;48538.60156;9874.220928;99101;woman;74;compulso;retired;25200;Referenc;inapplicable;widower/;0;2;9;64.79646;Switzerl;inapplic;inapplic;inapplic;since bi;french
2003;1041;Lake Gen;104102;couple w;2;0;0;0;82433.20313;13108.08689;104102;man;75;vocation;retired;;Referenc;104101;married;44;2;16;31.897492;Switzerl;inapplic;inapplic;inapplic;since bi;french
2003;1121;Lake Gen;112101;couple w;2;0;0;0;42747.57422;8841.514273;112101;man;68;apprenti;retired;30200;Referenc;112102;married;43;2;12;53.312064;Switzerl;inapplic;inapplic;inapplic;since bi;french
2003;1171;Lake Gen;117102;couple w;5;2;1;0;146699;29312.36995;117102;woman;43;universi;part-tim;inapplicable;Referenc;117101;married;24;3;18;25.454052;Switzerl;inapplic;inapplic;inapplic;since bi;french
2003;1181;Lake Gen;118102;couple w;2;0;0;0;45217;8228.132224;118102;woman;29;apprenti;full-tim;inapplicable;Referenc;118101;married;9;3;12;50.65104;Switzerl;inapplic;inapplic;inapplic;since bi;french
2003;1411;Lake Gen;141102;couple w;2;0;0;0;67328.20313;11153.27834;141102;woman;82;compulso;retired;19000;Referenc;141101;married;57;3;9;70.754385;Switzerl;inapplic;inapplic;inapplic;1921;french
2003;1551;Lake Gen;155102;couple w;4;2;0;0;69040;9846.72736;155102;woman;46;apprenti;child. w;inapplicable;Referenc;155101;married;27;2;12;50.656128;Switzerl;inapplic;inapplic;inapplic;since bi;french
2003;1651;Lake Gen;165102;couple w;2;0;0;0;59984.60156;11419.90506;165102;woman;63;apprenti;child. w;5670;Referenc;165101;married;38;2;12;55.94256;Switzerl;France a;inapplic;inapplic;1958;french
2003;1811;Lake Gen;181102;couple w;4;2;0;0;70242;11492.15808;181102;man;39;universi;full-tim;inapplicable;Referenc;181101;married;8;2;18;24.48696;Switzerl;inapplic;inapplic;inapplic;since bi;french
2003;1831;Lake Gen;183101;one pers;1;0;0;0;63687.80078;11248.23638;183101;man;38;full-tim;full-tim;inapplicable;Referenc;inapplicable;single.;0;0;12;50.335584;Switzerl;inapplic;inapplic;inapplic;since bi;french
2003;2121;Zurich;212102;couple w;2;0;0;0;124198.7969;17970.62626;212102;man;33;universi;full-tim;inapplicable;Referenc;212101;single.;0;2;18;24.99909;Switzerl;inapplic;inapplic;inapplic;since bi;french
2003;2201;Lake Gen;220101;couple w;2;0;0;0;112588.6016;16732.47511;220101;man;55;apprenti;full-tim;inapplicable;Referenc;220102;married;32;2;12;53.164512;Switzerl;inapplic;inapplic;inapplic;since bi;french
2003;2291;Lake Gen;229102;one pers;1;0;0;0;40822.60156;8064.85468;229102;woman;54;full-tim;child. w;48000;Referenc;inapplicable;widower/;0;2;12;53.663136;Switzerl;inapplic;inapplic;inapplic;since bi;french
2003;2511;Lake Gen;251102;couple w;3;1;0;0;114838.3984;19684.13004;251102;woman;43;universi;part-tim;inapplicable;Referenc;251101;married;19;1;18;26.054316;Switzerl;inapplic;inapplic;inapplic;1960;french
2003;2581;Lake Gen;258101;couple w;5;3;0;0;88538.42969;16197.44687;258101;woman;45;apprenti;part-tim;inapplicable;Referenc;258102;married;19;3;12;52.945728;Switzerl;Israel;inapplic;inapplic;since bi;french
2003;2711;Lake Gen;271101;couple w;2;0;0;0;128904.6016;21797.73415;271101;man;71;PhD;retired;130800;Referenc;271102;married;48;3;21;9.423582;Switzerl;inapplic;inapplic;inapplic;since bi;french
2003;2801;Lake Gen;280102;couple w;2;0;0;0;54289.57422;8008.659194;280102;woman;69;technica;retired;18360;Referenc;280101;married;44;2;16;33.43112;Switzerl;inapplic;inapplic;inapplic;since bi;french
2003;2841;Lake Gen;284101;one pers;1;0;0;0;55113.60156;9225.158404;284101;woman;60;bachelor;retired;66600;Referenc;inapplicable;single.;0;0;13;43.954123;Switzerl;inapplic;inapplic;inapplic;since bi;french
2003;2871;Lake Gen;287102;couple w;2;0;0;0;140613.2031;19291.95036;287102;woman;56;PhD;full-tim;inapplicable;Referenc;287101;married;24;1;21;10.330131;Switzerl;inapplic;inapplic;inapplic;since bi;french
2003;2872;Lake Gen;287103;couple w;2;0;0;0;73120.20313;12617.95741;287103;man;29;universi;full-tim;inapplicable;Referenc;287201;single.;0;1;18;25.05864;Switzerl;inapplic;inapplic;inapplic;since bi;french
2003;2891;Lake Gen;289101;couple w;2;0;0;0;99727.60156;16423.98478;289101;woman;61;bachelor;retired;48000;Referenc;289102;single.;24;0;13;49.713277;Switzerl;inapplic;inapplic;inapplic;since bi;french
2003;2951;Lake Gen;295101;lone par;3;2;0;0;40994.54297;6636.913396;295101;woman;42;bachelor;full-tim;inapplicable;Referenc;inapplicable;divorced;15;2;13;43.879931;Switzerl;inapplic;inapplic;inapplic;1993;french
2003;3411;Lake Gen;341102;couple w;2;0;0;0;58937.19922;9395.300649;341102;woman;69;apprenti;part-tim;18540;Referenc;341101;married;46;2;12;49.068672;Switzerl;inapplic;inapplic;inapplic;1934;french
2003;3521;Lake Gen;352101;lone par;3;0;2;0;100835.3984;17109.67661;352101;woman;61;universi;part-tim;26400;Referenc;inapplicable;divorced;24;3;18;25.71369;Switzerl;inapplic;inapplic;inapplic;since bi;french
2003;3551;Lake Gen;355101;couple w;4;2;0;0;93884;19046.28787;355101;woman;36;apprenti;part-tim;inapplicable;Referenc;355104;divorced;14;2;12;48.5904;Switzerl;inapplic;inapplic;inapplic;since bi;french
2003;3701;Lake Gen;370102;couple w;4;2;0;0;84302;15343.13088;370102;man;42;universi;full-tim;inapplicable;Referenc;370101;married;12;2;18;22.436058;Switzerl;inapplic;inapplic;inapplic;1961;french
2003;3712;Lake Gen;371101;other ho;4;0;0;0;80337;13438.3024;371101;man;34;apprenti;full-tim;inapplicable;Referenc;371102;married;0;2;12;45.878496;Switzerl;inapplic;inapplic;inapplic;since bi;french
2003;3971;Lake Gen;397101;couple w;3;1;0;0;55059;10662.86128;397101;man;49;apprenti;part-tim;18000;Referenc;397102;married;27;3;12;48.529344;Switzerl;inapplic;inapplic;inapplic;since bi;french
2003;3972;Lake Gen;397104;one pers;1;0;0;0;34156.39844;5512.07925;397104;woman;23;general;full-tim;inapplicable;Referenc;inapplicable;single.;0;1;10;56.306;Switzerl;inapplic;inapplic;inapplic;since bi;french
2003;4381;Lake Gen;438101;couple w;4;0;2;0;106144.7969;20436.07155;438101;woman;46;apprenti;part-tim;inapplicable;Referenc;438102;married;24;2;12;51.800928;Switzerl;inapplic;inapplic;inapplic;since bi;german
2003;4531;Lake Gen;453101;one pers;1;0;0;0;63315.60156;12677.63523;453101;woman;33;bachelor;full-tim;inapplicable;Referenc;inapplicable;single.;0;2;13;48.841521;Switzerl;inapplic;inapplic;inapplic;1993;french
2003;4751;Middlela;475101;couple w;4;2;0;0;105585;16916.60944;475101;man;40;bachelor;full-tim;inapplicable;Referenc;475102;married;12;2;13;47.663723;Switzerl;inapplic;inapplic;inapplic;1963;french
2003;4821;Lake Gen;482102;couple w;3;0;1;0;133692.4063;25758.35907;482102;woman;51;full-tim;part-tim;inapplicable;Referenc;482101;married;27;2;12;52.50816;Switzerl;inapplic;inapplic;inapplic;1976;french
2003;4951;Lake Gen;495101;one pers;1;0;0;0;78168.60156;13963.51205;495101;woman;56;PhD;retired;78850;Referenc;inapplicable;married;0;0;21;9.985416;Switzerl;Spain an;inapplic;inapplic;1973;french
2003;5361;Lake Gen;536101;couple w;2;0;0;0;53373.19531;7979.014489;536101;man;28;technica;part-tim;inapplicable;Referenc;536102;single.;0;0;16;34.830104;Switzerl;inapplic;inapplic;inapplic;since bi;french
2003;5451;Lake Gen;545101;couple w;4;2;0;0;74256.60156;12412.1858;545101;woman;35;bachelor;part-tim;inapplicable;Referenc;545102;married;0;4;13;48.572575;Switzerl;inapplic;inapplic;inapplic;1968;french
2003;5491;Lake Gen;549101;couple w;4;0;2;0;137417.2031;23754.51003;549101;woman;48;apprenti;part-tim;36000;Referenc;549104;married;23;2;12;47.5728;Switzerl;inapplic;inapplic;inapplic;since bi;french
2003;5601;Lake Gen;560102;couple w;3;0;1;0;124824.2578;22859.35056;560102;woman;50;universi;part-tim;inapplicable;Referenc;560101;married;29;2;18;22.174038;India;inapplic;inapplic;Diplomat;1996;french
2003;5821;Lake Gen;582102;couple w;2;0;0;0;97141.20313;15665.8351;582102;woman;64;full-tim;child. w;16560;Referenc;582101;married;43;2;12;46.463616;Switzerl;inapplic;inapplic;inapplic;since bi;french
2003;5981;Lake Gen;598101;couple w;2;0;0;0;35196.50391;6358.225272;598101;woman;73;domestic;retired;31920;Referenc;598102;widower/;0;1;10;54.13762;Switzerl;inapplic;inapplic;inapplic;since bi;french
2003;6001;Lake Gen;600101;one pers;1;0;0;0;30616.78711;6424.848723;600101;woman;69;apprenti;retired;27600;Referenc;inapplicable;divorced;0;2;12;47.766144;Switzerl;inapplic;inapplic;inapplic;1940;french
2003;6021;Lake Gen;602101;one pers;1;0;0;0;35832.12109;6467.853683;602101;woman;61;full-tim;retired;39780;Referenc;inapplicable;divorced;0;1;12;50.6256;Switzerl;inapplic;inapplic;inapplic;since bi;french
2003;6041;Lake Gen;604101;couple w;2;0;0;0;48456.19922;10156.97177;604101;man;66;apprenti;retired;38400;Referenc;604102;married;42;1;12;47.603328;Switzerl;inapplic;inapplic;inapplic;since bi;french
2003;6181;Middlela;618102;other ho;6;4;0;0;228832.7969;44616.83419;618102;woman;39;PhD;part-tim;inapplicable;Referenc;618101;married;13;3;21;9.469887;Switzerl;inapplic;inapplic;inapplic;since bi;french
2003;6251;Lake Gen;625102;couple w;2;0;0;0;78405.20313;13580.04907;625102;woman;60;apprenti;child. w;inapplicable;Referenc;625101;married;41;2;12;52.986432;Switzerl;inapplic;inapplic;inapplic;since bi;french
2003;6561;Lake Gen;656101;couple w;4;2;0;0;89026;12917.90118;656101;woman;36;apprenti;part-tim;inapplicable;Referenc;656102;married;8;2;12;55.759392;Switzerl;inapplic;inapplic;inapplic;since bi;french
2003;6661;Lake Gen;666102;couple w;4;0;2;0;128991;17929.71082;666102;woman;52;full-tim;child. w;inapplicable;Referenc;666101;married;28;2;12;50.467872;Switzerl;inapplic;inapplic;inapplic;since bi;french
2003;6771;Lake Gen;677101;one pers;1;0;0;0;35357.12109;7284.241903;677101;woman;77;compulso;retired;36300;Referenc;inapplicable;widower/;0;4;9;64.661199;Switzerl;inapplic;inapplic;inapplic;1949;french
2003;6782;Lake Gen;678201;couple w;2;0;0;0;140887.5938;19426.87078;678201;woman;33;PhD;full-tim;inapplicable;Referenc;678103;married;0;3;21;10.121244;Switzerl;inapplic;inapplic;inapplic;since bi;french
2003;6822;Lake Gen;682102;one pers;1;0;0;0;62943.60156;10842.91414;682102;woman;37;domestic;full-tim;inapplicable;Referenc;inapplicable;single.;0;0;10;64.91962;Switzerl;inapplic;inapplic;inapplic;1997;french
2003;6951;Lake Gen;695101;one pers;1;0;0;0;36587.78906;7513.405499;695101;man;45;full-tim;full-tim;inapplicable;Referenc;inapplicable;single.;0;0;12;50.152416;France a;inapplic;inapplic;resident;since bi;french
2003;7091;Lake Gen;709102;couple w;3;0;0;1;47849.80078;7250.238901;709102;woman;59;domestic;child. w;inapplicable;Referenc;709101;married;34;2;10;64.48834;Switzerl;inapplic;inapplic;inapplic;since bi;french
2003;7131;Lake Gen;713101;one pers;1;0;0;0;34530.60156;6882.460564;713101;woman;84;universi;retired;40660;Referenc;inapplicable;single.;0;0;18;25.494546;Switzerl;inapplic;inapplic;inapplic;1962;french
2003;7221;Lake Gen;722101;one pers;1;0;0;0;51627.60156;9714.176646;722101;woman;49;full-tim;full-tim;inapplicable;Referenc;inapplicable;divorced;0;1;12;50.90544;Switzerl;inapplic;inapplic;inapplic;since bi;french
2003;7311;Lake Gen;731101;one pers;1;0;0;0;19435.78711;4087.533418;731101;woman;78;domestic;retired;21600;Referenc;inapplicable;single.;0;0;10;55.29968;Switzerl;inapplic;inapplic;inapplic;since bi;french
2003;7531;Lake Gen;753101;couple w;2;0;0;0;71126.57813;11114.9907;753101;man;63;vocation;retired;84000;Referenc;753102;married;32;1;16;32.5116;Germany;inapplic;inapplic;resident;1964;french
2003;7561;Lake Gen;756101;couple w;5;3;0;0;100516.7969;15217.25803;756101;man;39;PhD;full-tim;inapplicable;Referenc;756102;married;11;3;21;9.832095;Switzerl;inapplic;inapplic;inapplic;since bi;german
2003;7671;Lake Gen;767101;couple w;4;2;0;0;58653.70313;10351.3618;767101;man;39;apprenti;full-tim;inapplicable;Referenc;767102;married;15;2;12;52.869408;Switzerl;inapplic;inapplic;inapplic;since bi;french
2003;7761;Lake Gen;776101;lone par;2;0;1;0;98518.20313;13457.26616;776101;woman;54;bachelor;full-tim;inapplicable;Referenc;inapplicable;divorced;27;inapplic;13;43.536793;Switzerl;inapplic;inapplic;inapplic;since bi;inapplic
2003;7811;Lake Gen;781101;couple w;4;2;0;0;75673;10981.6143;781101;woman;36;apprenti;part-tim;inapplicable;Referenc;781102;married;13;2;12;53.37312;Switzerl;inapplic;inapplic;inapplic;since bi;french
2003;7931;Lake Gen;793101;couple w;2;0;0;0;82291.20313;16288.74806;793101;woman;66;bachelor;child. w;12600;Referenc;793102;married;39;0;13;50.023956;Switzerl;inapplic;inapplic;inapplic;since bi;french
2003;8021;Lake Gen;802102;couple w;2;0;0;0;49301.19922;7649.177928;802102;woman;72;apprenti;retired;18540;Referenc;802101;married;44;3;12;52.263936;Switzerl;inapplic;inapplic;inapplic;since bi;german
2003;8281;Middlela;828102;couple w;3;0;1;0;49572.05859;9522.796619;828102;woman;51;apprenti;child. w;inapplicable;Referenc;828101;married;29;2;12;55.174272;Switzerl;inapplic;inapplic;inapplic;since bi;french
2003;8381;Middlela;838101;couple w;4;2;0;0;93523.20313;15376.24788;838101;man;37;apprenti;full-tim;inapplicable;Referenc;838102;married;6;3;12;52.742208;Switzerl;inapplic;inapplic;inapplic;since bi;french
2003;8391;Middlela;839101;couple w;2;0;0;0;38497.35938;5986.838706;839101;man;65;compulso;other re;211000;Referenc;839102;married;43;1;9;69.826881;Switzerl;inapplic;inapplic;inapplic;since bi;german
2003;8421;Middlela;842101;couple w;2;0;0;0;60044.19922;9743.656225;842101;woman;58;domestic;part-tim;inapplicable;Referenc;842102;married;39;2;10;63.38618;Switzerl;inapplic;inapplic;inapplic;since bi;german
2003;8751;Middlela;875102;couple w;5;3;0;0;93828.79688;13264.84405;875102;woman;39;apprenti;part-tim;inapplicable;Referenc;875101;married;0;3;12;47.196288;Switzerl;inapplic;inapplic;inapplic;since bi;german
2003;8891;Middlela;889101;lone par;3;0;2;0;68934;13795.36179;889101;woman;23;general;in schoo;inapplicable;Referenc;inapplicable;single.;23;0;10;61.76289;Switzerl;inapplic;inapplic;inapplic;since bi;french
2003;8892;Ticino;889104;one pers;1;0;0;0;24466;5410.93056;889104;man;60;universi;other re;54000;Referenc;inapplicable;divorced;0;2;18;22.674258;Switzerl;inapplic;inapplic;inapplic;since bi;french
2003;9021;Middlela;902101;couple w;2;0;0;0;76799.20313;10983.75541;902101;man;76;universi;retired;84600;Referenc;902102;married;45;2;18;25.7256;Switzerl;inapplic;inapplic;inapplic;since bi;german
2003;9072;Middlela;907101;couple w;6;4;0;0;73076.79688;12722.74899;907101;man;40;apprenti;full-tim;inapplicable;Referenc;907201;divorced;0;2;12;47.511744;Switzerl;inapplic;inapplic;inapplic;since bi;french
2003;9111;Middlela;911102;couple w;4;2;0;0;59147.62891;10277.36818;911102;woman;32;apprenti;child. w;inapplicable;Referenc;911101;married;8;3;12;52.732032;Switzerl;inapplic;inapplic;inapplic;since bi;german
2003;9431;Middlela;943102;couple w;5;3;0;0;74533.4375;12211.87068;943102;woman;33;apprenti;work in;inapplicable;Referenc;943101;married;9;3;12;51.94848;Switzerl;inapplic;inapplic;inapplic;since bi;german
2003;9601;Middlela;960102;couple w;2;0;0;0;115824.2031;16406.7729;960102;woman;63;bachelor;child. w;18000;Referenc;960101;married;39;3;13;50.946719;Switzerl;inapplic;inapplic;inapplic;since bi;german
2003;9751;Middlela;975101;couple w;2;0;0;0;81117.20313;13967.5695;975101;man;41;vocation;full-tim;inapplicable;Referenc;975102;married;4;0;16;31.693884;Switzerl;inapplic;inapplic;inapplic;since bi;french
2003;9851;Lake Gen;985102;couple w;2;0;0;0;52637.19922;10415.0256;985102;woman;45;vocation;part-tim;inapplicable;Referenc;985106;divorced;0;3;16;30.82034;Switzerl;inapplic;inapplic;inapplic;since bi;french
2003;9852;Middlela;985101;couple w;4;1;1;0;115981;17311.82099;985101;man;48;vocation;full-tim;inapplicable;Referenc;985201;divorced;0;3;16;31.16516;Switzerl;inapplic;inapplic;inapplic;since bi;french
2003;9911;Middlela;991102;couple w;2;0;0;0;75995.5625;10645.86561;991102;woman;58;apprenti;part-tim;inapplicable;Referenc;991101;married;34;3;12;53.149248;Switzerl;inapplic;inapplic;inapplic;since bi;german
2003;9971;Middlela;997101;lone par;3;2;0;0;41473.64063;6275.086059;997101;woman;39;apprenti;full-tim;inapplicable;Referenc;inapplicable;divorced;15;2;12;51.92304;Switzerl;inapplic;inapplic;inapplic;since bi;german
2003;10071;Middlela;1007101;one pers;1;0;0;0;34994;5388.776064;1007101;man;27;apprenti;full-tim;inapplicable;Referenc;inapplicable;single.;0;1;12;49.516416;Switzerl;inapplic;inapplic;inapplic;since bi;french
2003;10131;Middlela;1013101;one pers;1;0;0;0;52361.19922;7686.038221;1013101;woman;55;bachelor;part-tim;inapplicable;Referenc;inapplicable;divorced;0;0;13;43.457964;Switzerl;inapplic;inapplic;inapplic;since bi;german
2003;10241;Middlela;1024102;couple w;2;0;0;0;80451.20313;15736.61517;1024102;woman;62;domestic;part-tim;inapplicable;Referenc;1024101;married;34;2;10;65.40481;Switzerl;inapplic;inapplic;inapplic;since bi;german
2003;10281;Middlela;1028102;couple w;5;1;2;0;132314.5938;18179.67471;1028102;woman;43;apprenti;part-tim;inapplicable;Referenc;1028101;married;20;3;12;50.325408;Switzerl;inapplic;inapplic;inapplic;since bi;french
2003;10311;Middlela;1031101;couple w;4;0;2;0;87918;17959.72096;1031101;woman;58;apprenti;child. w;inapplicable;Referenc;1031102;married;29;2;12;53.256096;Switzerl;inapplic;inapplic;inapplic;since bi;german
2003;10321;Middlela;1032102;couple w;3;0;1;0;159650.2031;24011.7318;1032102;woman;55;full-tim;part-tim;inapplicable;Referenc;1032101;married;23;5;12;52.33008;Switzerl;inapplic;inapplic;inapplic;since bi;german
2003;10331;Middlela;1033102;couple w;4;1;1;0;97379.60156;18109.48013;1033102;woman;45;apprenti;child. w;inapplicable;Referenc;1033101;married;23;2;12;48.610752;Switzerl;inapplic;inapplic;inapplic;since bi;german
2003;10471;Middlela;1047101;one pers;1;0;0;0;39847.19922;6623.245584;1047101;woman;68;domestic;retired;30170;Referenc;inapplicable;divorced;0;2;10;60.70266;Switzerl;inapplic;inapplic;inapplic;since bi;german
2003;10611;Middlela;1061101;couple w;5;3;0;0;138911.7969;21223.816;1061101;woman;40;PhD;part-tim;inapplicable;Referenc;1061102;married;12;3;21;10.764369;Switzerl;inapplic;inapplic;inapplic;since bi;french
2003;10621;Lake Gen;1062102;other ho;4;2;0;0;171663;25175.40115;1062102;woman;43;PhD;part-tim;inapplicable;Referenc;1062101;married;15;2;21;10.993836;Switzerl;France a;inapplic;inapplic;1985;german
2003;10631;Middlela;1063103;lone par;4;0;3;0;126126.7969;22294.37063;1063103;woman;23;vocation;full-tim;inapplicable;Referenc;inapplicable;single.;23;0;14;40.428388;Switzerl;inapplic;inapplic;inapplic;since bi;german
2003;10641;Middlela;1064102;couple w;3;0;1;0;75478.20313;10905.81143;1064102;woman;44;apprenti;part-tim;inapplicable;Referenc;1064101;married;0;2;12;46.570464;Switzerl;Italy;inapplic;inapplic;since bi;german
2003;10721;Middlela;1072102;couple w;2;0;0;0;75621.20313;13026.0359;1072102;woman;65;universi;retired;17500;Referenc;1072101;married;16;0;18;25.937598;Switzerl;inapplic;inapplic;inapplic;since bi;german
2003;10891;Middlela;1089102;couple w;4;2;0;0;89374.60156;15278.51634;1089102;woman;36;full-tim;part-tim;inapplicable;Referenc;1089101;married;10;3;12;47.21664;Switzerl;inapplic;inapplic;inapplic;since bi;german
2003;10951;Middlela;1095101;couple w;2;0;0;0;42726;6927.16544;1095101;man;38;vocation;in schoo;inapplicable;Referenc;1095102;divorced;7;1;16;32.97136;Sri Lank;inapplic;inapplic;annual p;1991;french
2003;11041;Middlela;1104102;couple w;3;1;0;0;85054.39844;11833.05004;1104102;woman;47;apprenti;child. w;inapplicable;Referenc;1104101;married;29;1;12;49.76064;Switzerl;inapplic;inapplic;inapplic;since bi;german
2003;11061;Middlela;1106102;couple w;2;0;0;0;33698.35938;5220.771191;1106102;woman;73;apprenti;retired;18600;Referenc;1106101;married;51;2;12;49.974336;Switzerl;inapplic;inapplic;inapplic;since bi;german
2003;11271;Middlela;1127102;couple w;2;0;0;0;87598.20313;16616.38745;1127102;woman;57;apprenti;part-tim;inapplicable;Referenc;1127101;married;35;2;12;52.477632;Switzerl;inapplic;inapplic;inapplic;since bi;german
2003;11291;Middlela;1129101;couple w;4;2;0;0;79563.60156;12532.90488;1129101;woman;39;apprenti;part-tim;inapplicable;Referenc;1129102;married;14;2;12;54.838464;Switzerl;inapplic;inapplic;inapplic;since bi;german
2003;11371;Middlela;1137102;couple w;4;0;2;0;131845.2031;26456.83139;1137102;woman;55;bachelor;part-tim;inapplicable;Referenc;1137101;married;30;2;13;49.592715;Switzerl;inapplic;inapplic;inapplic;since bi;german
2003;11401;Middlela;1140102;couple w;2;0;0;0;56737;11148.1951;1140102;woman;73;full-tim;retired;56760;Referenc;1140101;married;51;2;12;48.972;Switzerl;inapplic;inapplic;inapplic;since bi;french
2003;11501;Middlela;1150101;one pers;1;0;0;0;46384.60156;9676.345151;1150101;man;31;compulso;full-tim;inapplicable;Referenc;inapplicable;single.;0;2;9;65.620908;Switzerl;inapplic;inapplic;inapplic;since bi;french
2003;11651;Middlela;1165102;couple w;3;1;0;0;60720.03516;11555.27775;1165102;woman;50;domestic;part-tim;inapplicable;Referenc;1165101;married;26;4;10;58.97754;Switzerl;inapplic;inapplic;inapplic;since bi;german
2003;11661;Middlela;1166101;couple w;2;0;0;0;89473;17637.53709;1166101;man;32;apprenti;full-tim;inapplicable;Referenc;1166103;single.;0;0;12;49.104288;Switzerl;inapplic;inapplic;inapplic;1971;french
2003;11831;Middlela;1183102;couple w;4;2;0;0;81067;13967.92586;1183102;woman;33;apprenti;part-tim;inapplicable;Referenc;1183101;married;14;2;12;54.456864;Switzerl;inapplic;inapplic;inapplic;since bi;french
2003;12001;Middlela;1200101;couple w;2;0;0;0;110132.9688;15586.00718;1200101;woman;47;bachelor;part-tim;inapplicable;Referenc;1200102;married;0;0;13;44.825879;Switzerl;inapplic;inapplic;inapplic;since bi;german
2003;12121;Middlela;1212101;couple w;4;2;0;0;74375.60156;11509.46587;1212101;woman;43;apprenti;child. w;inapplicable;Referenc;1212102;married;17;2;12;55.622016;Switzerl;inapplic;inapplic;inapplic;since bi;german
2003;12191;Middlela;1219102;couple w;2;0;0;0;37489.49609;6225.704915;1219102;woman;66;apprenti;retired;18700;Referenc;1219101;married;39;2;12;51.0072;Switzerl;inapplic;inapplic;inapplic;since bi;german
2003;12281;Middlela;1228101;one pers;1;0;0;0;22645.24805;4456.803059;1228101;woman;73;compulso;retired;24000;Referenc;inapplicable;single.;0;0;9;65.221566;Italy;inapplic;inapplic;resident;1957;italian
2003;12321;Middlela;1232101;other ho;2;0;0;0;61718.19922;9752.62097;1232101;woman;70;bachelor;retired;61320;Referenc;inapplicable;single.;66;0;13;48.020772;Switzerl;inapplic;inapplic;inapplic;since bi;french
2003;12611;Middlela;1261101;one pers;1;0;0;0;36719.83594;5727.019734;1261101;woman;40;bachelor;full-tim;inapplicable;Referenc;inapplicable;single.;0;0;13;43.03136;Switzerl;inapplic;inapplic;inapplic;since bi;french
2003;12791;Middlela;1279102;couple w;5;3;0;0;59697.44531;12514.18722;1279102;woman;39;apprenti;child. w;inapplicable;Referenc;1279101;married;14;3;12;55.566048;Switzerl;inapplic;inapplic;inapplic;since bi;french
2003;13181;Middlela;1318102;couple w;5;3;0;0;97363.79688;18139.87465;1318102;woman;36;apprenti;child. w;inapplicable;Referenc;1318101;married;16;3;12;45.914112;Switzerl;inapplic;inapplic;inapplic;since bi;german
2003;13221;Middlela;1322102;couple w;3;1;0;0;56998.60156;10917.21462;1322102;woman;30;universi;child. w;inapplicable;Referenc;1322101;married;10;3;18;23.064906;Switzerl;inapplic;inapplic;inapplic;since bi;french
2003;13341;Middlela;1334101;couple w;2;0;0;0;84243.20313;17224.11431;1334101;man;67;universi;other re;94800;Referenc;1334102;married;40;1;18;23.608002;Switzerl;inapplic;inapplic;inapplic;since bi;german
2003;13381;Middlela;1338102;one pers;1;0;0;0;28420;4873.76992;1338102;woman;28;apprenti;part-tim;inapplicable;Referenc;inapplicable;married;0;1;12;46.417824;Switzerl;Italy;inapplic;inapplic;since bi;french
2003;13441;Middlela;1344101;couple w;2;0;0;0;85639.20313;15105.11477;1344101;man;61;apprenti;other re;84000;Referenc;1344102;married;36;2;12;51.129312;Switzerl;inapplic;inapplic;inapplic;since bi;german
2003;13681;Middlela;1368101;couple w;4;2;0;0;87457.60156;17620.02774;1368101;woman;37;bachelor;child. w;inapplicable;Referenc;1368102;married;4;3;13;46.360726;Switzerl;inapplic;inapplic;inapplic;since bi;german
2003;13701;North-we;1370102;one pers;1;0;0;0;53955.80078;9735.037163;1370102;woman;40;apprenti;full-tim;inapplicable;Referenc;inapplicable;divorced;0;0;12;46.433088;Switzerl;inapplic;inapplic;inapplic;since bi;german
2003;13761;Middlela;1376101;lone par;3;2;0;0;25212.64063;4365.504313;1376101;woman;41;apprenti;part-tim;inapplicable;Referenc;inapplicable;single.;8;2;12;51.938304;Switzerl;inapplic;inapplic;inapplic;since bi;german
2003;13891;Middlela;1389102;couple w;2;0;0;0;40965.4375;8858.371522;1389102;woman;70;apprenti;retired;18000;Referenc;1389101;married;48;2;12;46.346592;Switzerl;inapplic;inapplic;inapplic;since bi;german
2003;14101;Lake Gen;1410101;one pers;1;0;0;0;47815.60156;7217.974071;1410101;woman;49;bachelor;full-tim;inapplicable;Referenc;inapplicable;divorced;0;0;13;46.318993;Switzerl;inapplic;inapplic;inapplic;since bi;french
2003;14281;Middlela;1428102;couple w;5;0;3;0;159887.2031;27948.26485;1428102;woman;51;universi;part-tim;inapplicable;Referenc;1428101;married;28;3;18;21.916782;Switzerl;inapplic;inapplic;inapplic;since bi;german
2003;14611;Middlela;1461102;couple w;3;1;0;0;60597.60156;11737.36927;1461102;woman;35;universi;child. w;inapplicable;Referenc;1461101;married;6;2;18;22.369362;Switzerl;inapplic;inapplic;inapplic;since bi;french
2003;14661;Middlela;1466101;couple w;4;2;0;0;59115.62891;11757.4464;1466101;man;39;apprenti;full-tim;inapplicable;Referenc;1466102;married;13;2;12;45.878496;Switzerl;inapplic;inapplic;inapplic;since bi;german
2003;14861;Middlela;1486101;couple w;2;0;0;0;122033.3984;23756.03285;1486101;woman;58;universi;full-tim;inapplicable;Referenc;1486102;married;31;0;18;21.81912;Switzerl;inapplic;inapplic;inapplic;since bi;german
2003;14891;Middlela;1489101;one pers;1;0;0;0;57428.19922;10881.33068;1489101;man;33;vocation;full-tim;inapplicable;Referenc;inapplicable;single.;0;0;16;34.482;Switzerl;inapplic;inapplic;inapplic;since bi;german
2003;15011;Middlela;1501102;couple w;3;0;0;1;53855.125;8662.831456;1501102;woman;61;universi;child. w;inapplicable;Referenc;1501101;married;30;3;18;24.620352;Switzerl;inapplic;inapplic;inapplic;since bi;french
2003;15041;Middlela;1504101;one pers;1;0;0;0;54897.19922;11703.08475;1504101;woman;38;apprenti;full-tim;inapplicable;Referenc;inapplicable;widower/;0;0;12;46.611168;Switzerl;inapplic;inapplic;inapplic;since bi;german
2003;15141;Middlela;1514101;one pers;1;0;0;0;40661.60156;8005.746276;1514101;man;59;vocation;full-tim;inapplicable;Referenc;inapplicable;single.;0;0;16;29.799016;Switzerl;inapplic;inapplic;inapplic;1944;german
2003;15151;Middlela;1515102;couple w;2;0;0;0;72399;11028.47738;1515102;woman;27;apprenti;full-tim;inapplicable;Referenc;1515101;married;7;2;12;52.843968;Switzerl;inapplic;inapplic;inapplic;since bi;french
2003;15161;Middlela;1516101;couple w;5;2;1;0;91785.60156;15757.85045;1516101;man;46;vocation;full-tim;inapplicable;Referenc;1516102;married;21;3;16;34.633064;Switzerl;inapplic;inapplic;inapplic;since bi;german
2003;15221;Middlela;1522101;couple w;3;0;1;0;86539.39844;12310.55507;1522101;woman;59;apprenti;part-tim;inapplicable;Referenc;1522102;married;34;2;12;47.49648;Switzerl;France a;inapplic;inapplic;since bi;french
2003;15222;Middlela;1522103;one pers;1;0;0;0;48021.39844;9233.952816;1522103;man;23;full-tim;full-tim;inapplicable;Referenc;inapplicable;single.;0;0;12;54.72144;Switzerl;France a;inapplic;inapplic;since bi;french
2003;15351;Middlela;1535102;couple w;5;2;1;0;100707.2422;19211.23201;1535102;woman;46;bachelor;child. w;inapplicable;Referenc;1535101;married;22;3;13;47.274215;Switzerl;inapplic;inapplic;inapplic;since bi;french
2003;15381;Middlela;1538102;couple w;2;0;0;0;91041;17668.0456;1538102;woman;30;universi;full-tim;inapplicable;Referenc;1538101;married;5;2;18;21.630942;Spain an;inapplic;inapplic;resident;since bi;french
2003;15401;Middlela;1540102;lone par;2;0;1;0;72629.39844;14369.93329;1540102;woman;47;bachelor;full-tim;inapplicable;Referenc;inapplicable;divorced;19;1;13;44.955715;Switzerl;inapplic;inapplic;inapplic;since bi;german
2003;15451;Middlela;1545102;couple w;2;0;0;0;111481.2031;20264.83653;1545102;woman;60;apprenti;full-tim;inapplicable;Referenc;1545101;widower/;6;3;12;51.953568;Switzerl;inapplic;inapplic;inapplic;since bi;german
2003;15501;Middlela;1550101;couple w;2;0;0;0;25206.49609;5202.149497;1550101;man;77;apprenti;retired;25320;Referenc;1550102;married;36;2;12;53.510496;Switzerl;inapplic;inapplic;inapplic;since bi;german
2003;15521;Middlela;1552101;one pers;1;0;0;0;23145.54492;4049.530268;1552101;woman;69;compulso;retired;24000;Referenc;inapplicable;widower/;0;2;9;67.347096;Austria;Italy;inapplic;resident;1956;french
2003;15541;Middlela;1554101;one pers;1;0;0;0;69803.60156;14446.53372;1554101;woman;61;bachelor;full-tim;inapplicable;Referenc;inapplicable;divorced;0;2;13;42.270892;Switzerl;inapplic;inapplic;inapplic;since bi;german
2003;15611;Middlela;1561101;couple w;5;3;0;0;81503.39844;13459.26524;1561101;woman;46;universi;part-tim;inapplicable;Referenc;1561102;married;14;3;18;23.119692;Switzerl;United S;inapplic;inapplic;1989;french
2003;15751;Middlela;1575101;couple w;2;0;0;0;68007.20313;11379.76787;1575101;man;33;PhD;part-tim;inapplicable;Referenc;1575103;single.;0;2;21;10.307493;Switzerl;inapplic;inapplic;inapplic;since bi;german
2003;15991;Middlela;1599102;couple w;5;3;0;0;80184.44531;12648.47099;1599102;woman;33;bachelor;child. w;inapplicable;Referenc;1599101;married;12;3;13;43.485786;Switzerl;inapplic;inapplic;inapplic;since bi;french
2003;16061;Middlela;1606101;couple w;2;0;0;0;56457;10125.4247;1606101;woman;65;apprenti;retired;17180;Referenc;1606102;married;37;2;12;53.256096;France a;Italy;inapplic;resident;1963;french
2003;16081;Middlela;1608102;couple w;3;1;0;0;61821.15234;10869.60161;1608102;woman;39;universi;part-tim;inapplicable;Referenc;1608101;married;9;inapplic;18;21.81912;Switzerl;France a;inapplic;inapplic;since bi;inapplic
2003;16231;Middlela;1623102;couple w;5;3;0;0;76187.79688;14071.14267;1623102;woman;43;bachelor;child. w;inapplicable;Referenc;1623101;married;23;3;13;44.176699;Switzerl;inapplic;inapplic;inapplic;since bi;german
2003;16561;Middlela;1656102;couple w;2;0;0;0;67469.20313;10787.77331;1656102;man;56;elementa;full-tim;inapplicable;Referenc;1656101;married;34;1;10;63.72761;Switzerl;inapplic;inapplic;inapplic;since bi;french
2003;16641;Middlela;1664102;couple w;2;0;0;0;98756.39844;16498.60532;1664102;woman;58;apprenti;child. w;inapplicable;Referenc;1664101;married;34;3;12;53.1696;Switzerl;inapplic;inapplic;inapplic;1969;german
2003;16642;Middlela;1664103;couple w;2;0;0;0;109929.2031;19878.72637;1664103;woman;30;bachelor;full-tim;inapplicable;Referenc;1664201;single.;0;2;13;46.318993;Switzerl;inapplic;inapplic;inapplic;since bi;german
2003;16731;Middlela;1673101;one pers;1;0;0;0;30768.59961;6317.446135;1673101;man;29;universi;in schoo;inapplicable;Referenc;inapplicable;single.;0;1;18;23.984358;Switzerl;inapplic;inapplic;inapplic;since bi;german
2003;16901;Middlela;1690102;couple w;5;3;0;0;64092.22656;9231.151076;1690102;woman;44;universi;work in;inapplicable;Referenc;1690101;married;17;3;18;24.758508;Switzerl;inapplic;inapplic;inapplic;since bi;german
2003;17051;Middlela;1705101;one pers;1;0;0;0;44765.19922;7031.118817;1705101;man;40;apprenti;full-tim;inapplicable;Referenc;inapplicable;divorced;0;0;12;50.910528;Switzerl;inapplic;inapplic;inapplic;since bi;german
2003;17071;Middlela;1707101;couple w;2;0;0;0;93786.20313;17001.35279;1707101;man;63;universi;full-tim;inapplicable;Referenc;1707102;married;34;2;18;21.704784;Switzerl;inapplic;inapplic;inapplic;since bi;german
2003;17361;Middlela;1736102;other ho;2;0;0;0;94765.60156;14397.55166;1736102;man;24;apprenti;full-tim;inapplicable;Referenc;inapplicable;single.;24;0;12;54.28896;Switzerl;inapplic;inapplic;inapplic;since bi;german
2003;17422;Middlela;1742103;one pers;1;0;0;0;41232;7858.460928;1742103;woman;28;bachelor;full-tim;inapplicable;Referenc;inapplicable;single.;0;0;13;50.687047;Switzerl;inapplic;inapplic;inapplic;since bi;french
2003;17551;Middlela;1755102;couple w;2;0;0;0;101671.2031;17205.22988;1755102;man;30;vocation;full-tim;inapplicable;Referenc;1755101;married;7;2;16;33.214376;Switzerl;inapplic;inapplic;inapplic;since bi;german
2003;17681;Middlela;1768102;couple w;2;0;0;0;71503.20313;11400.48566;1768102;woman;36;apprenti;full-tim;inapplicable;Referenc;1768101;single.;7;0;12;47.8272;Switzerl;inapplic;inapplic;inapplic;since bi;german
2003;17781;Middlela;1778101;couple w;4;2;0;0;78369.60156;14148.39738;1778101;woman;44;apprenti;part-tim;inapplicable;Referenc;1778102;married;22;2;12;47.231904;Switzerl;inapplic;inapplic;inapplic;since bi;german
2003;17801;Middlela;1780101;couple w;2;0;0;0;22928.49609;4826.356681;1780101;woman;59;apprenti;work in;inapplicable;Referenc;1780102;married;38;4;12;50.915616;Switzerl;inapplic;inapplic;inapplic;since bi;german
2003;17851;Middlela;1785102;couple w;3;1;0;0;85808.60156;11874.82313;1785102;woman;29;universi;part-tim;inapplicable;Referenc;1785101;married;5;2;18;25.3683;Switzerl;inapplic;inapplic;inapplic;since bi;german
2003;17891;Middlela;1789101;couple w;2;0;0;0;58096.39844;8724.342086;1789101;man;73;universi;retired;23880;Referenc;1789102;married;45;6;18;22.883874;Switzerl;inapplic;inapplic;inapplic;since bi;german
2003;17921;Middlela;1792101;one pers;1;0;0;0;27218.71875;5619.531753;1792101;woman;35;domestic;full-tim;inapplicable;Referenc;inapplicable;single.;0;0;10;59.22912;Switzerl;inapplic;inapplic;inapplic;since bi;german
2003;18011;North-we;1801102;couple w;3;0;1;0;103635.6016;16695.57876;1801102;woman;52;bachelor;child. w;inapplicable;Referenc;1801101;married;28;2;13;50.065689;Switzerl;Germany;inapplic;inapplic;1975;german
2003;18211;North-we;1821102;couple w;2;0;0;0;35196.10938;5887.336945;1821102;woman;73;compulso;retired;18720;Referenc;1821101;married;52;2;9;58.754802;Switzerl;inapplic;inapplic;inapplic;since bi;german
2003;18241;North-we;1824101;lone par;2;1;0;0;21390.5;4970.86752;1824101;woman;48;apprenti;part-tim;inapplicable;Referenc;inapplicable;divorced;17;2;12;55.438848;Switzerl;inapplic;inapplic;inapplic;since bi;german
2003;18301;North-we;1830101;couple w;2;0;0;0;108460.6016;19902.74822;1830101;man;70;universi;retired;inapplicable;Referenc;1830102;married;41;4;18;22.743336;Switzerl;inapplic;inapplic;inapplic;since bi;german
2003;18391;North-we;1839101;couple w;2;0;0;0;62851.19922;11737.25329;1839101;man;67;apprenti;other re;48000;Referenc;1839102;married;37;3;12;50.21856;Switzerl;inapplic;inapplic;inapplic;since bi;german
2003;18761;North-we;1876101;one pers;1;0;0;0;47107.80078;8105.26337;1876101;woman;88;domestic;retired;60410;Referenc;inapplicable;widower/;0;1;10;57.43212;Switzerl;inapplic;inapplic;inapplic;since bi;german
2003;18962;North-we;1896101;couple w;2;0;0;0;114742.2031;17151.85471;1896101;woman;28;apprenti;full-tim;inapplicable;Referenc;1896201;single.;0;2;12;49.852224;Switzerl;France a;inapplic;inapplic;since bi;german
2003;19001;North-we;1900101;couple w;3;1;0;0;60548.57813;12224.67419;1900101;man;34;bachelor;in schoo;inapplicable;Referenc;1900102;married;5;1;13;45.340586;India;inapplic;inapplic;annual p;1998;german
2003;19181;North-we;1918101;one pers;1;0;0;0;47499.80078;8931.926894;1918101;man;57;bachelor;part-tim;inapplicable;Referenc;inapplicable;widower/;0;1;13;49.648359;Switzerl;inapplic;inapplic;inapplic;1955;german
2003;19321;North-we;1932101;couple w;3;1;0;0;72863.20313;13030.26101;1932101;woman;43;universi;child. w;inapplicable;Referenc;1932102;married;16;1;18;25.673196;Switzerl;inapplic;inapplic;inapplic;1988;german
2003;19371;North-we;1937101;one pers;1;0;0;0;58240.80078;11942.66445;1937101;man;44;vocation;full-tim;inapplicable;Referenc;inapplicable;single.;0;0;14;45.8367;Germany;inapplic;inapplic;resident;1989;german
2003;19631;North-we;1963102;couple w;2;0;0;0;36697.52734;6302.635532;1963102;woman;55;full-tim;work in;inapplicable;Referenc;1963101;married;35;3;12;51.831456;Switzerl;inapplic;inapplic;inapplic;since bi;german
2003;19632;North-we;1963103;one pers;1;0;0;0;51572.80078;8222.864853;1963103;man;32;universi;full-tim;inapplicable;Referenc;inapplicable;single.;0;2;18;25.68987;Switzerl;inapplic;inapplic;inapplic;since bi;german
2003;19641;Middlela;1964101;one pers;1;0;0;0;37894.60156;7293.394491;1964101;woman;33;vocation;full-tim;inapplicable;Referenc;inapplicable;single.;0;0;14;41.889302;Switzerl;inapplic;inapplic;inapplic;since bi;german
2003;19681;North-we;1968102;couple w;2;0;0;0;63005.72656;10930.21579;1968102;woman;65;apprenti;part-tim;37200;Referenc;1968101;divorced;5;2;12;54.090528;Switzerl;inapplic;inapplic;inapplic;since bi;german
2003;19831;North-we;1983102;couple w;2;0;0;0;62187.60156;12500.53855;1983102;man;72;full-tim;retired;60600;Referenc;1983101;married;23;2;12;48.631104;Switzerl;inapplic;inapplic;inapplic;since bi;german
2003;19981;North-we;1998101;couple w;4;1;1;0;73147.45313;12772.1919;1998101;man;49;apprenti;full-tim;inapplicable;Referenc;1998102;married;24;2;12;48.76848;Switzerl;inapplic;inapplic;inapplic;since bi;german
2003;20081;North-we;2008102;couple w;2;0;0;0;95221.60156;16936.82796;2008102;woman;74;bachelor;retired;43320;Referenc;2008101;married;49;2;13;50.223347;Switzerl;inapplic;inapplic;inapplic;since bi;german
2003;20111;North-we;2011101;couple w;4;0;2;0;89582.79688;17194.70375;2011101;woman;51;apprenti;part-tim;inapplicable;Referenc;2011102;married;30;2;12;48.101952;Switzerl;inapplic;inapplic;inapplic;since bi;german
2003;20161;North-we;2016102;couple w;5;3;0;0;107332.2891;19746.96245;2016102;woman;47;bachelor;part-tim;inapplicable;Referenc;2016101;married;19;3;13;47.779648;Switzerl;inapplic;inapplic;inapplic;since bi;german
2003;20331;North-we;2033102;couple w;2;0;0;0;51330.54297;8947.555733;2033102;woman;65;apprenti;retired;24900;Referenc;2033101;married;44;2;12;55.189536;Switzerl;inapplic;inapplic;inapplic;since bi;german
2003;20371;North-we;2037102;couple w;3;0;1;0;79547.20313;12253.21336;2037102;woman;54;apprenti;part-tim;inapplicable;Referenc;2037101;married;29;3;12;49.511328;Switzerl;inapplic;inapplic;inapplic;since bi;german
2003;20461;North-we;2046101;couple w;2;0;0;0;83018.60156;11892.00603;2046101;woman;38;apprenti;part-tim;inapplicable;Referenc;2046102;married;5;0;12;50.335584;Switzerl;inapplic;inapplic;inapplic;since bi;german
2003;20621;North-we;2062101;one pers;1;0;0;0;18134.05469;3522.227932;2062101;woman;37;technica;full-tim;inapplicable;Referenc;inapplicable;single.;0;0;16;33.71026;Switzerl;inapplic;inapplic;inapplic;1966;german
2003;20671;North-we;2067101;one pers;1;0;0;0;34294.80078;7113.828566;2067101;woman;61;elementa;part-tim;18790;Referenc;inapplicable;divorced;0;1;10;60.2594;Switzerl;inapplic;inapplic;inapplic;since bi;german
2003;20771;North-we;2077101;couple w;4;2;0;0;139281.7969;25869.73222;2077101;woman;42;universi;part-tim;150000;Referenc;2077104;married;15;2;18;21.90249;Switzerl;inapplic;inapplic;inapplic;1961;german
2003;20881;North-we;2088102;couple w;2;0;0;0;54137.60156;10676.52796;2088102;man;59;apprenti;full-tim;inapplicable;Referenc;2088101;married;36;2;12;54.268608;Switzerl;inapplic;inapplic;inapplic;since bi;german
2003;20991;North-we;2099101;one pers;1;0;0;0;96624.79688;17915.02863;2099101;man;42;vocation;full-tim;inapplicable;Referenc;inapplicable;single.;0;0;16;35.953232;Switzerl;inapplic;inapplic;inapplic;since bi;german
2003;21091;North-we;2109102;lone par;3;2;0;0;69100;11351.9296;2109102;woman;40;vocation;part-tim;inapplicable;Referenc;inapplicable;married;16;2;16;33.789076;Switzerl;inapplic;inapplic;inapplic;since bi;german
2003;21161;North-we;2116102;couple w;3;1;0;0;84703;12130.94733;2116102;woman;25;apprenti;child. w;inapplicable;Referenc;2116101;married;0;2;12;53.734368;Switzerl;inapplic;inapplic;inapplic;since bi;german
2003;21421;North-we;2142101;one pers;1;0;0;0;43515.80078;8202.996474;2142101;woman;59;apprenti;full-tim;inapplicable;Referenc;inapplicable;divorced;0;0;12;52.757472;Switzerl;inapplic;inapplic;inapplic;since bi;german
2003;21441;North-we;2144102;couple w;2;0;0;0;51008.60938;9000.137257;2144102;woman;59;full-tim;part-tim;inapplicable;Referenc;2144101;married;34;2;12;52.553952;Switzerl;inapplic;inapplic;inapplic;since bi;german
2003;21442;Lake Gen;2144103;couple w;2;0;0;0;48201.19922;9322.045306;2144103;man;30;universi;part-tim;inapplicable;Referenc;2144104;married;0;1;18;22.871964;Switzerl;inapplic;inapplic;inapplic;since bi;german
2003;21471;North-we;2147101;couple w;4;0;2;0;128693.7969;24695.79438;2147101;woman;58;bachelor;child. w;inapplicable;Referenc;2147102;married;31;6;13;50.932808;Switzerl;inapplic;inapplic;inapplic;since bi;german
2003;21472;North-we;2147103;one pers;1;0;0;0;38092.80078;7577.297797;2147103;man;26;vocation;full-tim;inapplicable;Referenc;inapplicable;single.;0;0;14;39.197704;Switzerl;inapplic;inapplic;inapplic;since bi;german
2003;21571;North-we;2157101;lone par;2;0;0;1;151579.5938;25252.73501;2157101;woman;81;full-tim;retired;60120;Referenc;inapplicable;widower/;47;2;12;49.4808;Switzerl;inapplic;inapplic;inapplic;since bi;german
2003;21621;North-we;2162101;one pers;1;0;0;0;101791.7969;18614.3051;2162101;woman;63;vocation;retired;58800;Referenc;inapplicable;divorced;0;2;16;33.417984;Switzerl;inapplic;inapplic;inapplic;since bi;german
2003;21851;North-we;2185101;one pers;1;0;0;0;55703.80078;11108.06866;2185101;woman;61;apprenti;part-tim;inapplicable;Referenc;inapplicable;separate;0;2;12;51.648288;Switzerl;inapplic;inapplic;inapplic;since bi;german
2003;21852;North-we;2185102;couple w;2;0;0;0;69221.60156;14205.56673;2185102;man;65;apprenti;retired;inapplicable;Referenc;2185201;married;0;3;12;50.645952;Switzerl;inapplic;inapplic;inapplic;since bi;german
2003;21881;North-we;2188101;lone par;4;3;0;0;24233.35938;5540.655401;2188101;woman;36;bachelor;in schoo;inapplicable;Referenc;inapplicable;divorced;14;3;13;47.334496;Switzerl;inapplic;inapplic;inapplic;since bi;german
2003;21911;North-we;2191101;couple w;2;0;0;0;100198.6016;13952.43111;2191101;woman;35;apprenti;full-tim;inapplicable;Referenc;2191102;single.;8;0;12;51.0072;Switzerl;inapplic;inapplic;inapplic;since bi;german
2003;22001;North-we;2200101;lone par;3;2;0;0;65016.40625;13222.48395;2200101;woman;40;apprenti;part-tim;inapplicable;Referenc;inapplicable;divorced;12;2;12;48.48864;Switzerl;inapplic;inapplic;inapplic;since bi;german
2003;22041;North-we;2204102;couple w;2;0;0;0;198138.2031;33859.76728;2204102;woman;59;universi;part-tim;inapplicable;Referenc;2204101;married;33;0;18;21.599976;Switzerl;inapplic;inapplic;inapplic;since bi;german
2003;22141;North-we;2214102;couple w;4;1;1;0;87751.76563;15392.22511;2214102;woman;46;apprenti;full-tim;inapplicable;Referenc;2214101;married;24;3;12;49.526592;Switzerl;inapplic;inapplic;inapplic;since bi;german
2003;22281;North-we;2228102;couple w;2;0;0;0;52510.60156;11095.88191;2228102;woman;42;domestic;full-tim;inapplicable;Referenc;2228101;married;20;0;10;54.03579;Switzerl;inapplic;inapplic;inapplic;since bi;german
2003;22341;North-we;2234102;couple w;5;3;0;0;107395.3984;16877.70541;2234102;woman;36;apprenti;child. w;inapplicable;Referenc;2234101;married;14;3;12;54.090528;Switzerl;inapplic;inapplic;inapplic;since bi;german
2003;22461;North-we;2246101;one pers;1;0;0;0;55465.80078;9376.851907;2246101;woman;59;vocation;full-tim;inapplicable;Referenc;inapplicable;single.;0;0;14;41.516748;Switzerl;inapplic;inapplic;inapplic;since bi;german
2003;22661;North-we;2266101;couple w;3;0;1;0;94847.60156;17227.03131;2266101;woman;45;bachelor;full-tim;inapplicable;Referenc;2266104;divorced;22;2;13;47.979039;Switzerl;inapplic;inapplic;inapplic;1967;german
2003;22741;North-we;2274102;couple w;2;0;0;0;248730.5938;41090.63265;2274102;man;60;vocation;other re;150000;Referenc;2274101;divorced;23;2;16;35.591992;Switzerl;inapplic;inapplic;inapplic;since bi;german
2003;22771;North-we;2277101;couple w;4;1;1;0;149147.7969;24177.41083;2277101;man;53;vocation;full-tim;inapplicable;Referenc;2277102;married;24;2;16;29.953364;Switzerl;inapplic;inapplic;inapplic;since bi;german
2003;22791;North-we;2279101;lone par;2;1;0;0;55890.39844;8224.406014;2279101;woman;36;apprenti;full-tim;inapplicable;Referenc;inapplicable;single.;9;1;12;55.372704;Switzerl;inapplic;inapplic;inapplic;since bi;german
2003;23001;North-we;2300101;couple w;4;2;0;0;68698.77344;10224.21188;2300101;woman;39;apprenti;child. w;inapplicable;Referenc;2300102;married;13;2;12;54.375456;Switzerl;inapplic;inapplic;inapplic;since bi;german
2003;23041;North-we;2304101;lone par;3;2;0;0;90707;15556.55674;2304101;woman;41;universi;part-tim;inapplicable;Referenc;inapplicable;separate;11;2;18;22.981536;Switzerl;United S;inapplic;inapplic;1994;french
2003;23061;North-we;2306102;lone par;3;2;0;0;77859;11107.77098;2306102;woman;45;apprenti;part-tim;inapplicable;Referenc;inapplicable;widower/;17;2;12;49.119552;Switzerl;inapplic;inapplic;inapplic;since bi;german
2003;23081;North-we;2308101;one pers;1;0;0;0;39350.60156;8739.264088;2308101;woman;46;apprenti;full-tim;inapplicable;Referenc;inapplicable;single.;0;0;12;52.365696;Switzerl;inapplic;inapplic;inapplic;since bi;german
2003;23531;Zurich;2353101;one pers;1;0;0;0;43165.39844;8184.771274;2353101;woman;33;apprenti;part-tim;inapplicable;Referenc;inapplicable;single.;0;0;12;55.769568;Switzerl;inapplic;inapplic;inapplic;1997;german
2003;23851;Zurich;2385101;couple w;2;0;0;0;80045.79688;13451.09845;2385101;man;40;apprenti;full-tim;inapplicable;Referenc;2385102;married;0;1;12;48.48864;Switzerl;inapplic;inapplic;inapplic;since bi;german
2003;23941;Zurich;2394101;one pers;1;0;0;0;44480.39844;6587.64662;2394101;man;53;apprenti;full-tim;inapplicable;Referenc;inapplicable;single.;0;0;12;48.127392;Switzerl;inapplic;inapplic;inapplic;since bi;german
2003;23981;Zurich;2398102;couple w;2;0;0;0;140935.7969;24647.14481;2398102;woman;58;apprenti;full-tim;inapplicable;Referenc;2398101;married;37;1;12;54.879168;Switzerl;inapplic;inapplic;inapplic;since bi;german
2003;24221;Ticino;2422101;couple w;4;2;0;0;83162.39844;15353.18176;2422101;woman;36;apprenti;child. w;inapplicable;Referenc;2422102;married;9;2;12;49.292544;Switzerl;inapplic;inapplic;inapplic;since bi;italian
2003;24331;Zurich;2433101;one pers;1;0;0;0;36418.39844;6355.884632;2433101;woman;62;apprenti;part-tim;21600;Referenc;inapplicable;widower/;0;0;12;46.667136;Switzerl;inapplic;inapplic;inapplic;since bi;german
2003;24401;Lake Gen;2440102;couple w;2;0;0;0;67436.20313;13414.42591;2440102;woman;57;apprenti;child. w;36000;Referenc;2440101;married;32;0;12;49.898016;Switzerl;inapplic;inapplic;inapplic;since bi;french
2003;24431;Zurich;2443102;couple w;5;3;0;0;71372.14844;14198.02242;2443102;woman;36;full-tim;part-tim;inapplicable;Referenc;2443101;married;11;3;12;53.851392;Switzerl;inapplic;inapplic;inapplic;since bi;german
2003;24681;Zurich;2468101;couple w;2;0;0;0;77922.79688;12123.57628;2468101;man;71;apprenti;retired;51390;Referenc;2468102;married;46;2;12;52.564128;Switzerl;inapplic;inapplic;inapplic;since bi;german
2003;24851;Zurich;2485101;couple w;3;1;0;0;90938.79688;16616.95174;2485101;man;43;apprenti;part-tim;inapplicable;Referenc;2485102;married;0;2;12;53.688576;Switzerl;inapplic;inapplic;inapplic;since bi;german
2003;24911;Zurich;2491101;couple w;3;1;0;0;208178.7969;31076.73668;2491101;woman;50;PhD;full-tim;inapplicable;Referenc;2491102;divorced;20;1;21;9.60057;Switzerl;inapplic;inapplic;inapplic;1986;german
2003;25171;Zurich;2517101;one pers;1;0;0;0;70061.39844;10478.47074;2517101;woman;55;universi;full-tim;inapplicable;Referenc;inapplicable;single.;0;0;18;23.505576;Slovenia;inapplic;inapplic;resident;1967;german
2003;25201;Zurich;2520101;couple w;4;2;0;0;80752.79688;14296.29958;2520101;woman;42;full-tim;part-tim;inapplicable;Referenc;2520102;married;17;2;12;49.592736;Switzerl;inapplic;inapplic;inapplic;since bi;german
2003;25311;Zurich;2531101;couple w;3;0;0;1;163085.2031;31986.74252;2531101;woman;70;universi;retired;19920;Referenc;2531102;married;45;3;18;24.289254;Switzerl;inapplic;inapplic;inapplic;since bi;german
2003;25441;Zurich;2544102;couple w;4;2;0;0;74952.79688;12197.30971;2544102;man;44;universi;part-tim;inapplicable;Referenc;2544101;married;16;2;18;25.651758;Switzerl;inapplic;inapplic;inapplic;1959;german
2003;25551;Zurich;2555101;lone par;2;1;0;0;41856.22656;6203.778977;2555101;woman;40;apprenti;other re;36000;Referenc;inapplicable;single.;15;1;12;55.326912;Croatia;inapplic;inapplic;resident;1986;german
2003;25561;Zurich;2556101;couple w;5;3;0;0;67116.14844;11431.03286;2556101;man;49;technica;full-tim;inapplicable;Referenc;2556102;married;17;3;16;34.639632;Switzerl;inapplic;inapplic;inapplic;1986;german
2003;25591;Zurich;2559101;couple w;2;0;0;0;45234.39063;7614.747312;2559101;man;72;apprenti;retired;24480;Referenc;2559102;married;44;0;12;47.033472;Switzerl;inapplic;inapplic;inapplic;since bi;german
2003;25761;Zurich;2576102;couple w;2;0;0;0;71029.79688;13235.24713;2576102;woman;64;compulso;retired;13200;Referenc;2576101;married;39;2;9;64.60323;Italy;inapplic;inapplic;resident;1960;italian
2003;25811;Zurich;2581102;couple w;2;0;0;0;149606.7969;20488.31109;2581102;man;39;vocation;full-tim;inapplicable;Referenc;2581101;married;0;0;16;33.191388;Switzerl;inapplic;inapplic;inapplic;since bi;german
2003;25911;Zurich;2591101;one pers;1;0;0;0;75832.39844;10661.51857;2591101;woman;39;PhD;part-tim;inapplicable;Referenc;inapplicable;single.;0;0;21;9.608802;Switzerl;inapplic;inapplic;inapplic;since bi;german
2003;25931;Zurich;2593101;couple w;2;0;0;0;101185.7969;20146.36063;2593101;woman;35;apprenti;full-tim;inapplicable;Referenc;2593102;married;15;0;12;50.793504;Italy;inapplic;inapplic;resident;1968;italian
2003;26001;Zurich;2600101;couple w;5;3;0;0;60689.48438;11273.6802;2600101;man;42;vocation;full-tim;inapplicable;Referenc;2600102;married;19;inapplic;16;30.465668;Switzerl;inapplic;inapplic;inapplic;since bi;inapplic
2003;26031;Zurich;2603101;couple w;2;0;0;0;170443.7969;26857.45713;2603101;woman;32;universi;full-tim;inapplicable;Referenc;2603102;single.;10;1;18;24.639408;Switzerl;inapplic;inapplic;inapplic;since bi;german
2003;26041;Zurich;2604101;couple w;4;2;0;0;60198.92188;9979.033292;2604101;man;47;apprenti;part-tim;inapplicable;Referenc;2604102;married;15;2;12;55.38288;Switzerl;inapplic;inapplic;inapplic;since bi;german
2003;26051;Zurich;2605102;couple w;2;0;0;0;161622.7969;26510.47209;2605102;woman;66;universi;retired;39360;Referenc;2605101;married;40;2;18;25.327806;Switzerl;inapplic;inapplic;inapplic;1962;german
2003;26071;Zurich;2607101;couple w;2;0;0;0;98385.79688;19484.02247;2607101;man;46;apprenti;full-tim;inapplicable;Referenc;2607102;married;18;0;12;51.332832;Switzerl;inapplic;inapplic;inapplic;since bi;german
2003;26121;Zurich;2612101;couple w;2;0;0;0;56649.79688;8544.308408;2612101;man;68;apprenti;retired;90000;Referenc;2612102;married;39;3;12;48.926208;Switzerl;inapplic;inapplic;inapplic;since bi;german
2003;26221;Zurich;2622101;couple w;3;0;0;1;71091.71094;10773.39097;2622101;man;39;apprenti;full-tim;inapplicable;Referenc;inapplicable;single.;39;0;12;55.871328;Italy;Switzerl;inapplic;inapplic;since bi;german
2003;26241;Zurich;2624101;one pers;1;0;0;0;94495.39844;15564.76108;2624101;man;54;universi;full-tim;inapplicable;Referenc;inapplicable;separate;0;0;18;23.019648;Germany;inapplic;inapplic;resident;1988;german
2003;26291;Zurich;2629101;one pers;1;0;0;0;57938.39844;12118.76963;2629101;man;38;apprenti;full-tim;inapplicable;Referenc;inapplicable;single.;0;2;12;51.49056;Switzerl;inapplic;inapplic;inapplic;since bi;german
2003;26311;Zurich;2631101;one pers;1;0;0;0;184389.4063;29105.29944;2631101;man;44;bachelor;full-tim;inapplicable;Referenc;inapplicable;single.;0;0;13;50.255806;Switzerl;inapplic;inapplic;inapplic;since bi;german
2003;26351;Zurich;2635101;lone par;3;1;1;0;64637.6875;11591.55466;2635101;woman;50;apprenti;part-tim;inapplicable;Referenc;inapplicable;divorced;18;2;12;51.92304;Switzerl;inapplic;inapplic;inapplic;since bi;german
2003;26951;Zurich;2695101;one pers;1;0;0;0;83856.39844;14835.11744;2695101;woman;35;universi;full-tim;inapplicable;Referenc;inapplicable;single.;0;0;18;23.098254;Switzerl;inapplic;inapplic;inapplic;since bi;german
2003;27001;Zurich;2700102;couple w;5;3;0;0;156876.7969;26533.55228;2700102;woman;46;universi;part-tim;inapplicable;Referenc;2700101;married;20;3;18;23.291196;Switzerl;inapplic;inapplic;inapplic;since bi;german
2003;27121;Zurich;2712101;one pers;1;0;0;0;64401.39844;12357.7774;2712101;man;39;vocation;full-tim;inapplicable;Referenc;inapplicable;divorced;0;0;16;35.503324;Switzerl;inapplic;inapplic;inapplic;since bi;german
2003;27131;Zurich;2713101;couple w;5;3;0;0;81204.79688;15711.07935;2713101;man;48;vocation;work in;inapplicable;Referenc;2713102;married;16;3;16;33.94014;Switzerl;inapplic;inapplic;inapplic;since bi;german
2003;27361;Zurich;2736101;one pers;1;0;0;0;45423.39844;8646.406414;2736101;man;80;apprenti;retired;52800;Referenc;inapplicable;divorced;0;3;12;50.67648;Switzerl;inapplic;inapplic;inapplic;since bi;german
2003;27401;Zurich;2740101;couple w;3;1;0;0;63712.80078;12250.76627;2740101;man;36;universi;part-tim;inapplicable;Referenc;2740102;married;23;3;18;23.579418;Switzerl;inapplic;inapplic;inapplic;since bi;german
2003;27501;Zurich;2750102;couple w;2;0;0;0;64052.80078;12987.4582;2750102;woman;60;apprenti;child. w;inapplicable;Referenc;2750101;married;34;2;12;55.240416;Switzerl;inapplic;inapplic;inapplic;since bi;german
2003;27651;Zurich;2765102;couple w;5;3;0;0;102672.7969;15057.48744;2765102;woman;38;vocation;part-tim;inapplicable;Referenc;2765101;married;15;3;14;40.235832;Switzerl;inapplic;inapplic;inapplic;since bi;german
2003;27681;Zurich;2768102;couple w;5;3;0;0;73637.14844;13336.68011;2768102;woman;37;compulso;part-tim;inapplicable;Referenc;2768101;married;14;3;9;58.890063;Switzerl;inapplic;inapplic;inapplic;since bi;german
2003;27711;Zurich;2771102;couple w;4;1;1;0;253531.7969;43967.54956;2771102;woman;52;apprenti;part-tim;inapplicable;Referenc;2771101;married;27;2;12;50.67648;Switzerl;inapplic;inapplic;inapplic;since bi;german
2003;27721;Zurich;2772101;couple w;5;3;0;0;74168.14844;12928.66489;2772101;man;48;apprenti;full-tim;inapplicable;Referenc;2772102;married;11;3;12;46.870656;Switzerl;inapplic;inapplic;inapplic;since bi;german
2003;27971;Zurich;2797102;couple w;4;1;1;0;105030.6016;20393.72817;2797102;woman;47;vocation;full-tim;inapplicable;Referenc;2797101;married;23;2;16;34.357208;Switzerl;inapplic;inapplic;inapplic;since bi;german
2003;28091;Zurich;2809101;couple w;2;0;0;0;60081.80078;10379.60019;2809101;man;65;apprenti;other re;54600;Referenc;2809102;married;44;2;12;48.880416;Austria;inapplic;inapplic;resident;1958;german
2003;28141;Zurich;2814101;one pers;1;0;0;0;30122.19531;6966.002846;2814101;woman;66;compulso;retired;24720;Referenc;inapplicable;widower/;0;1;9;65.562939;Italy;inapplic;inapplic;resident;1956;italian
2003;28171;Zurich;2817102;couple w;5;3;0;0;86417.14844;13566.47053;2817102;woman;41;apprenti;part-tim;inapplicable;Referenc;2817101;married;18;3;12;47.145408;Switzerl;inapplic;inapplic;inapplic;since bi;german
2003;28281;Zurich;2828101;couple w;5;3;0;0;87025.79688;13061.59639;2828101;woman;46;bachelor;part-tim;inapplicable;Referenc;2828102;married;16;3;13;49.091919;Switzerl;inapplic;inapplic;inapplic;since bi;german
2003;28581;Zurich;2858101;couple w;2;0;0;0;47463.39063;9866.075591;2858101;man;64;apprenti;retired;48000;Referenc;2858102;married;35;1;12;46.183776;Switzerl;inapplic;inapplic;inapplic;since bi;german
2003;28611;Zurich;2861102;couple w;2;0;0;0;113771.7969;22333.65597;2861102;woman;56;apprenti;part-tim;inapplicable;Referenc;2861101;single.;17;0;12;47.781408;Switzerl;inapplic;inapplic;inapplic;since bi;german
2003;28921;Zurich;2892102;couple w;2;0;0;0;87179.79688;14114.62627;2892102;woman;51;apprenti;part-tim;inapplicable;Referenc;2892101;married;28;2;12;52.782912;Switzerl;inapplic;inapplic;inapplic;since bi;german
2003;29381;Zurich;2938102;couple w;2;0;0;0;87375.79688;13239.43669;2938102;woman;52;general;part-tim;inapplicable;Referenc;2938101;married;9;2;10;55.97056;Switzerl;inapplic;inapplic;inapplic;since bi;german
2003;29401;Zurich;2940101;couple w;2;0;0;0;64636.80078;12578.15393;2940101;man;71;bachelor;retired;60400;Referenc;2940102;married;31;0;13;50.580396;Austria;inapplic;inapplic;resident;1964;german
2003;29441;Zurich;2944102;couple w;2;0;0;0;53849.47266;11017.91612;2944102;woman;61;elementa;part-tim;inapplicable;Referenc;2944101;married;41;2;10;62.64941;Switzerl;inapplic;inapplic;inapplic;since bi;german
2003;29491;Zurich;2949101;one pers;1;0;0;0;62686.39844;12225.45664;2949101;man;46;vocation;full-tim;inapplicable;Referenc;inapplicable;single.;0;0;16;35.312852;Switzerl;inapplic;inapplic;inapplic;since bi;german
2003;29501;Zurich;2950101;one pers;1;0;0;0;96195.39844;15752.00446;2950101;man;54;apprenti;full-tim;inapplicable;Referenc;inapplicable;single.;0;0;12;55.057248;Switzerl;inapplic;inapplic;inapplic;since bi;german
2003;29701;Zurich;2970102;couple w;3;1;0;0;55344.80078;9900.501898;2970102;woman;35;apprenti;full-tim;inapplicable;Referenc;2970101;married;12;2;12;54.482304;Switzerl;inapplic;inapplic;inapplic;since bi;german
2003;30151;Zurich;3015101;one pers;1;0;0;0;36651.23438;7403.723424;3015101;woman;51;full-tim;part-tim;inapplicable;Referenc;inapplicable;single.;0;0;12;52.50816;Switzerl;inapplic;inapplic;inapplic;since bi;german
2003;30261;Zurich;3026101;one pers;1;0;0;0;78073.39844;15472.33173;3026101;woman;62;bachelor;full-tim;inapplicable;Referenc;inapplicable;divorced;0;0;13;43.323491;Switzerl;inapplic;inapplic;inapplic;1964;german
2003;30321;Zurich;3032101;couple w;3;1;0;0;74981.79688;14429.36654;3032101;woman;34;vocation;part-tim;inapplicable;Referenc;3032102;married;0;3;16;31.634772;Spain an;inapplic;inapplic;resident;1993;german
2003;30461;Zurich;3046102;couple w;2;0;0;0;117996.7969;22280.92959;3046102;woman;56;technica;part-tim;inapplicable;Referenc;3046101;married;34;1;16;30.833476;Switzerl;inapplic;inapplic;inapplic;since bi;german
2003;30481;Zurich;3048101;couple w;4;2;0;0;144588.7969;19717.64753;3048101;man;61;vocation;other re;151200;Referenc;3048102;married;17;3;16;32.324412;Switzerl;8406;inapplic;inapplic;1947;german
2003;30621;Zurich;3062101;couple w;4;1;1;0;116560.7969;18301.7562;3062101;woman;44;apprenti;part-tim;inapplicable;Referenc;3062102;married;24;4;12;54.461952;Switzerl;inapplic;inapplic;inapplic;since bi;german
2003;30623;Zurich;3062103;couple w;2;0;0;0;42625.96875;7261.795933;3062103;woman;22;apprenti;part-tim;inapplicable;Referenc;3062301;married;0;1;12;48.122304;Switzerl;inapplic;inapplic;inapplic;since bi;german
2003;30741;Zurich;3074104;couple w;3;0;1;0;78917.60156;13626.81625;3074104;man;62;technica;full-tim;inapplicable;Referenc;3074105;married;31;3;16;35.917108;Germany;inapplic;inapplic;resident;1970;german
2003;30742;Zurich;3074101;couple w;2;0;0;0;84850.79688;16622.6158;3074101;woman;27;bachelor;full-tim;inapplicable;Referenc;3074201;single.;0;4;13;45.150469;Germany;inapplic;inapplic;resident;since bi;german
2003;30761;Zurich;3076102;couple w;2;0;0;0;98080.79688;18569.21255;3076102;woman;59;apprenti;part-tim;inapplicable;Referenc;3076101;married;34;2;12;51.790752;Switzerl;inapplic;inapplic;inapplic;since bi;german
2003;30901;East Swi;3090101;one pers;1;0;0;0;55221.39844;10626.19182;3090101;man;59;apprenti;full-tim;inapplicable;Referenc;inapplicable;divorced;0;2;12;49.368864;Switzerl;inapplic;inapplic;inapplic;since bi;german
2003;31151;East Swi;3115101;couple w;2;0;0;0;95757;15749.8808;3115101;man;77;bachelor;retired;94500;Referenc;3115102;married;44;2;13;48.804425;Switzerl;inapplic;inapplic;inapplic;since bi;german
2003;31261;East Swi;3126102;couple w;2;0;0;0;88824.20313;15747.33041;3126102;woman;40;apprenti;part-tim;inapplicable;Referenc;3126101;married;16;0;12;45.954816;Switzerl;inapplic;inapplic;inapplic;since bi;german
2003;31421;Zurich;3142102;couple w;2;0;0;0;36587.39063;6387.911691;3142102;woman;56;apprenti;part-tim;inapplicable;Referenc;3142101;married;35;2;12;48.336;Switzerl;inapplic;inapplic;inapplic;since bi;german
2003;31441;East Swi;3144101;couple w;5;3;0;0;73893.61719;14946.46403;3144101;man;43;vocation;full-tim;inapplicable;Referenc;3144102;married;16;3;16;31.24726;Switzerl;inapplic;inapplic;inapplic;since bi;german
2003;31522;East Swi;3152101;one pers;1;0;0;0;36743.80078;7011.085081;3152101;man;37;elementa;full-tim;inapplicable;Referenc;inapplicable;single.;0;0;10;57.70766;Switzerl;inapplic;inapplic;inapplic;since bi;german
2003;31691;East Swi;3169102;couple w;4;2;0;0;105449.7969;16653.09932;3169102;woman;36;vocation;part-tim;inapplicable;Referenc;3169101;married;14;2;16;34.373628;Switzerl;inapplic;inapplic;inapplic;since bi;german
2003;31821;East Swi;3182101;couple w;2;0;0;0;64451;10554.24528;3182101;man;72;apprenti;other re;59020;Referenc;3182102;married;43;2;12;51.704256;Switzerl;inapplic;inapplic;inapplic;since bi;german
2003;32121;East Swi;3212101;one pers;1;0;0;0;36326.39844;7438.948335;3212101;woman;56;bachelor;full-tim;inapplicable;Referenc;inapplicable;divorced;0;2;13;43.592437;Switzerl;inapplic;inapplic;inapplic;since bi;german
2003;32261;East Swi;3226102;couple w;4;2;0;0;84820.60156;16518.02143;3226102;woman;35;apprenti;child. w;inapplicable;Referenc;3226101;married;11;2;12;53.566464;Switzerl;inapplic;inapplic;inapplic;since bi;italian
2003;32721;East Swi;3272102;other ho;4;2;0;0;91317.60156;14361.95095;3272102;woman;47;domestic;child. w;inapplicable;Referenc;3272101;married;18;1;10;54.01183;Switzerl;inapplic;inapplic;inapplic;since bi;german
2003;32891;East Swi;3289101;one pers;1;0;0;0;52388.39844;10241.54812;3289101;man;38;vocation;full-tim;inapplicable;Referenc;inapplicable;single.;0;0;16;30.580608;Switzerl;inapplic;inapplic;inapplic;since bi;german
2003;33151;East Swi;3315102;couple w;2;0;0;0;60707.80078;10357.56829;3315102;woman;53;elementa;child. w;inapplicable;Referenc;3315101;married;35;4;10;65.81213;Switzerl;Italy;inapplic;inapplic;since bi;german
2003;33153;East Swi;3315104;couple w;2;0;0;0;77032.20313;11238.43362;3315104;woman;25;domestic;full-tim;inapplicable;Referenc;3315301;married;0;3;10;64.76987;Switzerl;Italy;inapplic;inapplic;since bi;german
2003;33191;East Swi;3319102;other ho;7;5;0;0;103804.4844;14241.93072;3319102;woman;29;apprenti;child. w;inapplicable;Referenc;3319101;married;9;4;12;54.06;Switzerl;inapplic;inapplic;inapplic;1974;german
2003;33271;East Swi;3327102;couple w;4;2;0;0;57893.53516;8438.210337;3327102;woman;32;apprenti;child. w;inapplicable;Referenc;3327101;married;10;2;12;50.686656;Switzerl;inapplic;inapplic;inapplic;since bi;german
2003;33312;East Swi;3331101;couple w;2;0;0;0;90902.20313;12771.24001;3331101;woman;50;apprenti;part-tim;inapplicable;Referenc;3331102;married;0;2;12;47.359104;Switzerl;inapplic;inapplic;inapplic;since bi;german
2003;33481;East Swi;3348101;couple w;4;2;0;0;139719;22219.98506;3348101;man;45;apprenti;part-tim;inapplicable;Referenc;3348102;married;17;2;12;51.46512;Austria;inapplic;inapplic;resident;1985;german
2003;33711;East Swi;3371102;couple w;2;0;0;0;74656.79688;12479.06435;3371102;woman;64;apprenti;other re;24000;Referenc;3371101;married;46;0;12;52.869408;Switzerl;inapplic;inapplic;inapplic;1961;german
2003;33751;East Swi;3375101;couple w;2;0;0;0;186849.7969;34041.177;3375101;man;73;compulso;retired;inapplicable;Referenc;3375102;married;9;1;9;59.96571;Switzerl;Spain an;inapplic;inapplic;since bi;german
2003;34231;East Swi;3423101;one pers;1;0;0;0;23529.87305;4271.148512;3423101;woman;67;vocation;retired;16800;Referenc;inapplicable;divorced;0;2;16;32.514884;Switzerl;inapplic;inapplic;inapplic;since bi;german
2003;34431;East Swi;3443102;couple w;2;0;0;0;81152;14823.3792;3443102;woman;56;apprenti;part-tim;inapplicable;Referenc;3443101;married;37;2;12;48.829536;Switzerl;inapplic;inapplic;inapplic;since bi;german
2003;34561;East Swi;3456102;lone par;4;3;0;0;30916.30078;6625.710773;3456102;woman;32;compulso;child. w;inapplicable;Referenc;inapplicable;divorced;9;3;9;69.981465;Switzerl;inapplic;inapplic;inapplic;since bi;german
2003;34701;East Swi;3470101;couple w;2;0;0;0;69034.79688;11257.78739;3470101;man;31;apprenti;full-tim;inapplicable;Referenc;3470102;married;11;1;12;51.755136;Switzerl;inapplic;inapplic;inapplic;since bi;german
2003;34711;East Swi;3471102;couple w;4;2;0;0;77158.60156;13270.64214;3471102;woman;36;vocation;child. w;inapplicable;Referenc;3471101;married;13;2;16;34.688892;Switzerl;inapplic;inapplic;inapplic;1997;german
2003;34861;East Swi;3486103;other ho;5;2;0;1;51665.89844;10020.84041;3486103;woman;34;domestic;child. w;inapplicable;Referenc;3486102;married;34;2;10;65.86604;Italy;inapplic;inapplic;resident;since bi;italian
2003;34941;East Swi;3494102;couple w;6;4;0;0;97201.39844;14675.20158;3494102;woman;35;apprenti;child. w;inapplicable;Referenc;3494101;married;15;5;12;50.47296;Switzerl;inapplic;inapplic;inapplic;since bi;german
2003;35061;East Swi;3506102;couple w;2;0;0;0;84718.79688;16086.19429;3506102;woman;49;apprenti;full-tim;inapplicable;Referenc;3506101;married;14;0;12;50.52384;Switzerl;inapplic;inapplic;inapplic;since bi;german
2003;35071;East Swi;3507102;couple w;4;1;1;0;87692.60156;12036.67765;3507102;woman;51;technica;part-tim;inapplicable;Referenc;3507101;married;23;2;16;34.189724;Switzerl;inapplic;inapplic;inapplic;since bi;german
2003;35101;East Swi;3510101;one pers;1;0;0;0;60148.39844;11584.13019;3510101;woman;54;bachelor;full-tim;inapplicable;Referenc;inapplicable;single.;0;1;13;47.751826;Switzerl;inapplic;inapplic;inapplic;since bi;german
2003;35151;East Swi;3515101;couple w;5;1;2;0;106277.6016;21378.44386;3515101;woman;51;vocation;part-tim;inapplicable;Referenc;3515102;married;21;3;16;31.056788;Switzerl;inapplic;inapplic;inapplic;1986;german
2003;35261;East Swi;3526101;couple w;3;0;1;0;111359.6016;18437.42202;3526101;man;56;vocation;full-tim;inapplicable;Referenc;3526102;married;29;3;16;29.776028;Switzerl;inapplic;inapplic;inapplic;since bi;german
2003;35391;East Swi;3539101;couple w;3;1;0;0;77123.60156;12157.87207;3539101;woman;48;apprenti;child. w;inapplicable;Referenc;3539102;married;23;1;12;53.739456;Switzerl;inapplic;inapplic;inapplic;since bi;german
2003;35501;East Swi;3550102;couple w;2;0;0;0;121088.7969;21095.45445;3550102;woman;32;apprenti;part-tim;inapplicable;Referenc;3550101;married;9;2;12;45.980256;Switzerl;inapplic;inapplic;inapplic;since bi;german
2003;35721;East Swi;3572102;couple w;4;2;0;0;89456.60156;12795.5898;3572102;woman;38;apprenti;part-tim;inapplicable;Referenc;3572101;married;6;2;12;46.585728;Switzerl;inapplic;inapplic;inapplic;1965;german
2003;35881;East Swi;3588102;couple w;2;0;0;0;59449.80078;11918.46946;3588102;man;67;apprenti;retired;48200;Referenc;3588101;married;41;3;12;51.546528;Switzerl;inapplic;inapplic;inapplic;since bi;german
2003;35971;East Swi;3597101;couple w;2;0;0;0;90913;13077.3625;3597101;man;41;apprenti;full-tim;inapplicable;Referenc;3597102;single.;0;0;12;47.689824;Switzerl;inapplic;inapplic;inapplic;since bi;german
2003;36071;East Swi;3607102;couple w;2;0;0;0;64548;12306.39155;3607102;woman;48;apprenti;part-tim;inapplicable;Referenc;3607101;married;27;2;12;45.863232;Switzerl;inapplic;inapplic;inapplic;since bi;german
2003;36301;East Swi;3630102;couple w;5;2;1;0;100706.3984;13714.37723;3630102;woman;50;bachelor;part-tim;inapplicable;Referenc;3630101;married;28;3;13;49.235666;Switzerl;inapplic;inapplic;inapplic;since bi;german
2003;36731;East Swi;3673102;couple w;4;2;0;0;67945.60156;13241.24384;3673102;woman;35;full-tim;part-tim;inapplicable;Referenc;3673101;married;13;2;12;50.610336;Switzerl;inapplic;inapplic;inapplic;1968;german
2003;36911;Central;3691102;couple w;2;0;0;0;61473.19922;9687.126416;3691102;woman;56;apprenti;child. w;inapplicable;Referenc;3691101;married;37;2;12;47.80176;Switzerl;inapplic;inapplic;inapplic;since bi;german
2003;37021;Central;3702101;couple w;3;1;0;0;55331.58984;8069.651533;3702101;man;32;apprenti;full-tim;inapplicable;Referenc;3702102;married;9;1;12;47.481216;Switzerl;Italy;inapplic;inapplic;since bi;italian
2003;37381;Central;3738101;one pers;1;0;0;0;57235.60156;11423.3452;3738101;woman;76;vocation;part-tim;27600;Referenc;inapplicable;widower/;0;4;16;34.669188;Switzerl;inapplic;inapplic;inapplic;since bi;german
2003;37401;Central;3740102;couple w;5;0;3;0;105095.2344;17900.75064;3740102;woman;49;domestic;child. w;inapplicable;Referenc;3740101;married;26;4;10;54.39519;Switzerl;inapplic;inapplic;inapplic;since bi;german
2003;37431;Central;3743101;one pers;1;0;0;0;48556.60156;10352.74781;3743101;woman;32;full-tim;full-tim;inapplicable;Referenc;inapplicable;single.;0;0;12;50.976672;Switzerl;inapplic;inapplic;inapplic;since bi;german
2003;37571;Central;3757101;one pers;1;0;0;0;21797.58203;4107.961054;3757101;woman;75;compulso;retired;24000;Referenc;inapplicable;widower/;0;6;9;63.096036;Switzerl;inapplic;inapplic;inapplic;since bi;german
2003;37581;Central;3758101;couple w;5;2;1;0;98377.07813;16439.00652;3758101;man;43;apprenti;full-tim;inapplicable;Referenc;3758102;married;23;3;12;51.114048;Switzerl;inapplic;inapplic;inapplic;since bi;german
2003;37592;Central;3759104;couple w;2;0;0;0;56992.60156;8989.556356;3759104;woman;23;bachelor;in schoo;inapplicable;Referenc;3759201;single.;0;1;13;49.249577;Switzerl;inapplic;inapplic;inapplic;since bi;german
2003;37671;East Swi;3767101;one pers;1;0;0;0;70316.39844;12892.55643;3767101;man;46;universi;full-tim;inapplicable;Referenc;inapplicable;divorced;0;2;18;24.913338;Switzerl;inapplic;inapplic;inapplic;since bi;german
2003;37811;Central;3781101;couple w;2;0;0;0;121341.2031;23905.48781;3781101;woman;53;apprenti;child. w;inapplicable;Referenc;3781102;married;32;1;12;52.136736;Switzerl;inapplic;inapplic;inapplic;since bi;german
2003;37812;Central;3781103;other ho;2;0;0;0;60178.64063;11359.82898;3781103;man;24;bachelor;in schoo;inapplicable;Referenc;inapplicable;single.;0;0;13;43.490423;Switzerl;inapplic;inapplic;inapplic;since bi;german
2003;37981;Central;3798102;couple w;3;0;1;0;37960.8125;6814.831482;3798102;woman;53;vocation;part-tim;inapplicable;Referenc;3798101;married;30;2;16;30.202948;Switzerl;inapplic;inapplic;inapplic;since bi;german
2003;38101;Central;3810102;couple w;5;1;2;0;118791.6016;23547.83441;3810102;woman;43;domestic;part-tim;inapplicable;Referenc;3810101;married;24;3;10;65.26704;Switzerl;inapplic;inapplic;inapplic;since bi;german
2003;38281;Central;3828102;couple w;4;2;0;0;33389.61328;6016.341945;3828102;woman;38;apprenti;work in;inapplicable;Referenc;3828101;married;12;2;12;55.571136;Switzerl;inapplic;inapplic;inapplic;since bi;german
2003;38421;Central;3842101;one pers;1;0;0;0;39597.60156;7476.460082;3842101;woman;57;apprenti;part-tim;inapplicable;Referenc;inapplicable;separate;0;0;12;53.062752;Switzerl;inapplic;inapplic;inapplic;since bi;german
2003;38471;Central;3847102;couple w;2;0;0;0;68651.20313;10989.50452;3847102;man;62;apprenti;part-tim;inapplicable;Referenc;3847101;married;33;2;12;55.820448;Switzerl;inapplic;inapplic;inapplic;1968;german
2003;38531;Central;3853103;other ho;4;1;0;1;89190.10156;13697.56338;3853103;woman;42;full-tim;full-tim;inapplicable;Referenc;3853102;married;20;1;12;46.372032;Switzerl;inapplic;inapplic;inapplic;since bi;german
2003;38721;East Swi;3872101;one pers;1;0;0;0;78167.39844;11672.56252;3872101;woman;62;domestic;child. w;15000;Referenc;inapplicable;widower/;0;2;10;56.80916;Switzerl;inapplic;inapplic;inapplic;since bi;german
2003;38722;East Swi;3872201;couple w;2;0;0;0;135403.7969;23281.08483;3872201;man;32;full-tim;part-tim;inapplicable;Referenc;3872102;single.;0;2;12;46.819776;Switzerl;inapplic;inapplic;inapplic;since bi;german
2003;38831;Central;3883101;couple w;5;3;0;0;37394.83594;7661.938239;3883101;man;39;vocation;work in;inapplicable;Referenc;3883102;married;14;3;16;34.665904;Switzerl;inapplic;inapplic;inapplic;since bi;german
2003;38951;Central;3895102;couple w;2;0;0;0;87138.20313;15716.11393;3895102;woman;64;apprenti;child. w;31800;Referenc;3895101;married;43;2;12;51.521088;Switzerl;inapplic;inapplic;inapplic;since bi;german
2003;39291;Central;3929101;one pers;1;0;0;0;84559;11649.70499;3929101;man;38;technica;full-tim;inapplicable;Referenc;inapplicable;single.;0;0;16;31.733292;Switzerl;inapplic;inapplic;inapplic;1969;german
2003;39421;Central;3942102;couple w;2;0;0;0;62789.19922;12815.88463;3942102;woman;28;apprenti;part-tim;inapplicable;Referenc;3942101;married;8;0;12;54.767232;Switzerl;Germany;inapplic;inapplic;since bi;german
2003;39651;Central;3965101;couple w;5;3;0;0;82138.79688;12385.74533;3965101;woman;43;apprenti;child. w;inapplicable;Referenc;3965102;married;14;4;12;49.765728;Switzerl;inapplic;inapplic;inapplic;since bi;german
2003;39841;Central;3984101;couple w;2;0;0;0;137789.2031;20216.19023;3984101;woman;33;apprenti;full-tim;inapplicable;Referenc;3984103;single.;0;0;12;47.705088;Switzerl;inapplic;inapplic;inapplic;since bi;german
2003;39842;Central;3984201;couple w;3;1;0;0;58302.60547;11173.28138;3984201;woman;31;bachelor;part-tim;inapplicable;Referenc;3984102;married;0;3;13;46.898618;Switzerl;inapplic;inapplic;inapplic;since bi;german
2003;40021;Central;4002101;couple w;5;3;0;0;63877.83594;12492.85321;4002101;man;37;universi;part-tim;inapplicable;Referenc;4002102;married;9;3;18;24.744216;Switzerl;inapplic;inapplic;inapplic;1991;german
2003;40041;Central;4004101;couple w;2;0;0;0;119169.2031;18670.40425;4004101;woman;63;full-tim;part-tim;431340;Referenc;4004102;married;9;0;12;54.909696;Switzerl;inapplic;inapplic;inapplic;1969;german
2003;40051;Central;4005101;couple w;4;2;0;0;87263.60156;13959.71044;4005101;man;40;apprenti;full-tim;inapplicable;Referenc;4005102;married;17;2;12;48.66672;Switzerl;inapplic;inapplic;inapplic;1966;german
2003;40241;Central;4024101;couple w;2;0;0;0;67407.20313;9489.404794;4024101;man;72;vocation;retired;72480;Referenc;4024102;married;44;2;16;30.682412;Switzerl;inapplic;inapplic;inapplic;since bi;german
2003;40311;Central;4031102;couple w;4;0;2;0;139881.4063;19939.33813;4031102;woman;49;full-tim;part-tim;inapplicable;Referenc;4031101;married;24;3;12;54.578976;Switzerl;inapplic;inapplic;inapplic;since bi;german
2003;40451;Central;4045101;lone par;3;2;0;0;153241.2031;21925.57467;4045101;man;50;apprenti;full-tim;inapplicable;Referenc;inapplicable;divorced;0;2;12;49.602912;Switzerl;inapplic;inapplic;inapplic;since bi;german
2003;40921;Ticino;4092102;couple w;4;2;0;0;94557.39844;17361.45339;4092102;woman;32;vocation;part-tim;inapplicable;Referenc;4092101;married;6;3;16;32.357252;Switzerl;Italy;inapplic;inapplic;since bi;italian
2003;41161;Ticino;4116102;couple w;6;4;0;0;58542.80078;8907.195909;4116102;woman;33;apprenti;child. w;inapplicable;Referenc;4116101;married;14;4;12;53.708928;Switzerl;inapplic;inapplic;inapplic;since bi;italian
2003;41561;Ticino;4156102;couple w;4;2;0;0;50544.39844;8636.383404;4156102;woman;36;compulso;part-tim;inapplicable;Referenc;4156101;married;7;2;9;68.08137;Italy;inapplic;inapplic;resident;1988;italian
2003;41861;Ticino;4186101;lone par;2;0;0;1;37360;7396.256;4186101;woman;43;apprenti;full-tim;inapplicable;Referenc;inapplicable;single.;0;0;12;51.180192;Switzerl;inapplic;inapplic;inapplic;since bi;italian
2003;41901;Ticino;4190101;one pers;1;0;0;0;85169;15460.78128;4190101;man;76;apprenti;retired;90000;Referenc;inapplicable;widower/;0;1;12;48.493728;Switzerl;inapplic;inapplic;inapplic;since bi;italian
2003;41981;Ticino;4198101;couple w;2;0;0;0;105760;17419.7952;4198101;man;65;full-tim;retired;116520;Referenc;4198102;married;15;2;12;48.341088;Switzerl;inapplic;inapplic;inapplic;since bi;italian
2003;42141;Ticino;4214102;couple w;3;1;0;0;193968.2031;34668.1823;4214102;woman;39;bachelor;part-tim;inapplicable;Referenc;4214101;married;12;1;13;47.80747;Switzerl;inapplic;inapplic;inapplic;since bi;italian
2003;42282;Ticino;4228101;lone par;2;0;0;0;47283.20313;7420.986751;4228101;man;50;full-tim;full-tim;inapplicable;Referenc;inapplicable;divorced;0;1;12;45.903936;Switzerl;inapplic;inapplic;inapplic;since bi;italian
2003;42361;Ticino;4236101;couple w;2;0;0;0;58010;10106.8128;4236101;man;59;apprenti;full-tim;inapplicable;Referenc;4236102;married;34;2;12;49.689408;Switzerl;inapplic;inapplic;inapplic;since bi;italian
2003;42421;Ticino;4242101;one pers;1;0;0;0;23293.99219;5009.715668;4242101;woman;67;compulso;retired;23880;Referenc;inapplicable;widower/;0;1;9;68.525799;Switzerl;inapplic;inapplic;inapplic;1965;italian
2003;42441;Ticino;4244101;couple w;5;3;0;0;91995.60156;18737.40113;4244101;woman;38;apprenti;child. w;inapplicable;Referenc;4244102;married;10;3;12;51.902688;Switzerl;inapplic;inapplic;inapplic;since bi;italian
2003;42461;Ticino;4246101;one pers;1;0;0;0;24386.99219;5447.012115;4246101;woman;73;full-tim;retired;25200;Referenc;inapplicable;widower/;0;2;12;49.139904;Switzerl;inapplic;inapplic;inapplic;since bi;italian
2003;42491;Ticino;4249102;couple w;2;0;0;0;42839.38672;8118.206418;4249102;woman;58;compulso;child. w;inapplicable;Referenc;4249101;married;41;3;9;68.055606;Switzerl;inapplic;inapplic;inapplic;since bi;italian
2003;42671;Ticino;4267101;couple w;2;0;0;0;124143;18079.77181;4267101;woman;50;universi;part-tim;inapplicable;Referenc;4267102;divorced;15;1;18;24.336894;Switzerl;inapplic;inapplic;inapplic;since bi;italian
2003;42881;Ticino;4288101;couple w;2;0;0;0;67617;9922.997312;4288101;man;42;universi;full-tim;inapplicable;Referenc;4288103;divorced;0;1;18;22.207386;Switzerl;inapplic;inapplic;inapplic;since bi;italian
2003;42921;Ticino;4292102;couple w;2;0;0;0;48719;9095.830368;4292102;woman;63;full-tim;child. w;10160;Referenc;4292101;married;43;2;12;55.795008;Switzerl;inapplic;inapplic;inapplic;since bi;italian
2003;43071;Ticino;4307102;couple w;5;0;3;0;109575.6016;14992.46587;4307102;woman;51;full-tim;child. w;inapplicable;Referenc;4307101;married;26;3;12;47.175936;Switzerl;inapplic;inapplic;inapplic;since bi;italian
2003;43121;Ticino;4312101;couple w;2;0;0;0;144880;25583.2864;4312101;man;62;PhD;full-tim;inapplicable;Referenc;4312102;married;35;3;21;10.302348;Switzerl;inapplic;inapplic;inapplic;since bi;italian
2003;43151;Ticino;4315101;other ho;5;0;3;0;166964.2031;31211.81368;4315101;woman;53;full-tim;part-tim;inapplicable;Referenc;inapplicable;divorced;29;3;12;53.749632;Switzerl;Italy;inapplic;inapplic;since bi;italian
2003;43251;Ticino;4325101;one pers;1;0;0;0;22267.99219;4642.272841;4325101;woman;66;compulso;retired;22800;Referenc;inapplicable;widower/;0;1;9;69.343806;Switzerl;inapplic;inapplic;inapplic;since bi;italian
2003;43521;Ticino;4352101;one pers;1;0;0;0;55886;8007.093504;4352101;woman;40;bachelor;full-tim;inapplicable;Referenc;inapplicable;single.;0;0;13;45.224661;Switzerl;inapplic;inapplic;inapplic;since bi;italian
2003;43531;Ticino;4353102;couple w;2;0;0;0;71240;12584.376;4353102;woman;61;apprenti;child. w;inapplicable;Referenc;4353101;married;35;2;12;50.26944;Switzerl;inapplic;inapplic;inapplic;since bi;italian
2003;43651;Ticino;4365101;lone par;2;0;1;0;39187.19922;6566.220534;4365101;man;42;compulso;work in;inapplicable;Referenc;inapplicable;divorced;18;3;9;58.361901;Switzerl;inapplic;inapplic;inapplic;since bi;italian
2003;43761;Ticino;4376102;couple w;4;2;0;0;87048.39844;17044.49781;4376102;woman;40;universi;part-tim;inapplicable;Referenc;4376101;married;9;2;18;25.025292;Switzerl;inapplic;inapplic;inapplic;since bi;italian
2003;43911;Ticino;4391102;couple w;2;0;0;0;62986;8997.356672;4391102;woman;70;full-tim;retired;18360;Referenc;4391101;married;43;0;12;48.112128;Switzerl;inapplic;inapplic;inapplic;since bi;italian
2003;43921;Ticino;4392101;couple w;4;2;0;0;94756.39844;14826.12319;4392101;woman;29;technica;part-tim;inapplicable;Referenc;4392102;married;5;2;16;32.833432;Switzerl;inapplic;inapplic;inapplic;since bi;italian
2003;44011;Ticino;4401101;couple w;4;2;0;0;85956.39844;15225.12051;4401101;woman;46;general;part-tim;inapplicable;Referenc;4401102;married;14;2;10;59.0015;Italy;inapplic;inapplic;resident;1979;italian
2003;44341;Ticino;4434102;couple w;2;0;0;0;34226.98438;7586.35832;4434102;man;72;compulso;retired;20400;Referenc;4434101;married;38;1;9;60.023679;Italy;inapplic;inapplic;resident;1960;italian
2003;44492;Ticino;4449101;one pers;1;0;0;0;35450.14063;6470.527421;4449101;man;43;vocation;full-tim;inapplicable;Referenc;inapplicable;separate;0;2;16;32.623256;Switzerl;inapplic;inapplic;inapplic;since bi;italian
2003;44681;Lake Gen;4468101;one pers;1;0;0;0;60419.80078;12506.18791;4468101;woman;53;apprenti;full-tim;inapplicable;Referenc;inapplicable;single.;0;0;12;50.951232;Switzerl;inapplic;inapplic;inapplic;since bi;french
2003;44761;Lake Gen;4476101;couple w;4;2;0;0;68219.03125;10277.91782;4476101;woman;42;apprenti;part-tim;inapplicable;Referenc;4476102;married;12;2;12;47.023296;Switzerl;inapplic;inapplic;inapplic;1997;french
2003;44871;Lake Gen;4487102;other ho;2;0;0;0;42122.50391;9262.754029;4487102;woman;84;vocation;retired;48000;Referenc;inapplicable;widower/;0;4;16;32.935236;Switzerl;inapplic;inapplic;inapplic;since bi;french
2003;45051;Lake Gen;4505102;couple w;5;3;0;0;59878.39844;12620.47259;4505102;woman;35;bachelor;child. w;inapplicable;Referenc;4505101;married;15;3;13;47.506065;Switzerl;inapplic;inapplic;inapplic;1982;french
2003;45101;Lake Gen;4510102;couple w;3;1;0;0;75528.39844;13793.72602;4510102;woman;46;bachelor;child. w;inapplicable;Referenc;4510101;married;22;1;13;46.082506;Switzerl;inapplic;inapplic;inapplic;1957;french
2003;45351;Lake Gen;4535102;couple w;5;3;0;0;70858.42969;14333.53178;4535102;woman;44;vocation;child. w;inapplicable;Referenc;4535101;married;16;3;16;31.106048;Switzerl;inapplic;inapplic;inapplic;since bi;french
2003;45501;Lake Gen;4550101;couple w;2;0;0;0;38961.50391;7770.5916;4550101;man;70;apprenti;retired;30600;Referenc;4550102;married;40;2;12;55.952736;Italy;inapplic;inapplic;resident;1960;french
2003;45731;Lake Gen;4573102;couple w;5;3;0;0;57772;12224.61677;4573102;woman;48;universi;child. w;inapplicable;Referenc;4573101;married;17;3;18;22.993446;8304;Switzerl;inapplic;inapplic;1986;french
2003;45781;Lake Gen;4578101;one pers;1;0;0;0;21571.75195;4674.054328;4578101;woman;68;full-tim;retired;22200;Referenc;inapplicable;widower/;0;2;12;52.07568;Switzerl;France a;inapplic;inapplic;since bi;french
2003;45831;Lake Gen;4583101;lone par;2;1;0;0;46439.29688;9962.913768;4583101;woman;52;full-tim;part-tim;inapplicable;Referenc;inapplicable;divorced;13;1;12;46.127808;Switzerl;inapplic;inapplic;inapplic;1997;french
2003;45901;Lake Gen;4590101;couple w;2;0;0;0;73252.20313;10420.51277;4590101;man;28;full-tim;full-tim;inapplicable;Referenc;4590103;single.;0;0;12;47.476128;Switzerl;inapplic;inapplic;inapplic;since bi;french
2003;46221;Lake Gen;4622102;couple w;4;1;1;0;150703.4063;21817.7791;4622102;woman;47;vocation;part-tim;inapplicable;Referenc;4622101;married;22;2;16;31.982876;Switzerl;inapplic;inapplic;inapplic;since bi;french
2003;46391;Lake Gen;4639101;couple w;2;0;0;0;64354.19922;11705.6114;4639101;woman;73;bachelor;retired;18000;Referenc;4639102;married;48;2;13;50.056415;Switzerl;inapplic;inapplic;inapplic;since bi;french
2003;46601;Lake Gen;4660101;one pers;1;0;0;0;84081.79688;13291.05927;4660101;woman;48;universi;part-tim;inapplicable;Referenc;inapplicable;single.;0;0;18;22.931514;Switzerl;inapplic;inapplic;inapplic;since bi;german
2003;46751;Lake Gen;4675101;couple w;2;0;0;0;45986.24219;9106.657518;4675101;man;63;apprenti;other re;36000;Referenc;4675102;married;37;1;12;51.7704;Switzerl;inapplic;inapplic;inapplic;since bi;french
2003;46911;Lake Gen;4691101;lone par;2;0;1;0;20500;4999.04;4691101;woman;55;compulso;other re;15600;Referenc;inapplicable;widower/;19;1;9;61.080003;Switzerl;inapplic;inapplic;inapplic;does not;french
2003;47171;Lake Gen;4717101;couple w;4;2;0;0;73743;10277.50064;4717101;man;36;vocation;full-tim;inapplicable;Referenc;4717102;married;12;2;16;29.772744;Switzerl;inapplic;inapplic;inapplic;since bi;french
2003;47411;Lake Gen;4741102;lone par;3;2;0;0;72262;14177.38291;4741102;man;34;universi;full-tim;inapplicable;Referenc;inapplicable;divorced;10;4;18;21.680964;France a;inapplic;inapplic;resident;1991;french
2003;47511;Lake Gen;4751102;couple w;2;0;0;0;81593.60156;15125.96544;4751102;woman;27;universi;part-tim;inapplicable;Referenc;4751101;single.;0;0;18;22.745718;Switzerl;inapplic;inapplic;inapplic;since bi;french
2003;47541;Lake Gen;4754101;one pers;1;0;0;0;33491.60156;6256.91775;4754101;woman;69;compulso;retired;40600;Referenc;inapplicable;widower/;0;2;9;65.537175;Switzerl;inapplic;inapplic;inapplic;since bi;french
2003;47671;Lake Gen;4767102;couple w;4;0;2;0;144981;25973.01686;4767102;woman;53;technica;child. w;inapplicable;Referenc;4767101;married;27;3;16;31.96974;Switzerl;inapplic;inapplic;inapplic;since bi;french
2003;47881;Lake Gen;4788101;couple w;2;0;0;0;54306.19922;9065.020798;4788101;woman;69;compulso;retired;23880;Referenc;4788102;married;42;3;9;66.232803;Switzerl;inapplic;inapplic;inapplic;since bi;french
2003;47961;Lake Gen;4796101;couple w;2;0;0;0;50832.19922;10691.26759;4796101;woman;76;domestic;retired;18360;Referenc;4796102;married;47;2;10;58.89967;Switzerl;inapplic;inapplic;inapplic;since bi;french
2003;48021;Lake Gen;4802101;one pers;1;0;0;0;34084.60156;5695.891094;4802101;woman;70;apprenti;retired;39880;Referenc;inapplicable;widower/;0;3;12;46.260096;Switzerl;inapplic;inapplic;inapplic;since bi;french
2003;48041;Lake Gen;4804102;couple w;2;0;0;0;72022.20313;11138.44759;4804102;woman;63;apprenti;child. w;3060;Referenc;4804101;married;36;2;12;53.887008;Switzerl;inapplic;inapplic;inapplic;since bi;french
2003;48051;Lake Gen;4805101;couple w;5;1;2;0;116946.3984;18840.17881;4805101;man;50;universi;full-tim;inapplicable;Referenc;4805102;married;26;3;18;22.276464;Italy;inapplic;inapplic;resident;1953;french
2003;48151;Lake Gen;4815101;couple w;3;0;1;0;108274.3984;15139.20927;4815101;woman;54;vocation;child. w;inapplicable;Referenc;4815102;married;31;2;16;35.421224;Switzerl;France a;inapplic;inapplic;1949;french
2003;48251;Lake Gen;4825101;couple w;2;0;0;0;70982.20313;11803.55207;4825101;man;74;full-tim;retired;86160;Referenc;4825102;married;14;1;12;50.951232;Switzerl;inapplic;inapplic;inapplic;since bi;french
2003;48261;Lake Gen;4826101;one pers;1;0;0;0;92016.79688;15112.64723;4826101;man;36;bachelor;full-tim;inapplicable;Referenc;inapplicable;single.;0;1;13;43.008175;Spain an;Switzerl;inapplic;inapplic;since bi;french
2003;48281;Lake Gen;4828101;couple w;3;1;0;0;84362.60156;13372.97019;4828101;woman;45;bachelor;part-tim;inapplicable;Referenc;4828102;married;15;1;13;46.907892;Switzerl;inapplic;inapplic;inapplic;since bi;french
2003;48451;Lake Gen;4845101;couple w;2;0;0;0;92382.20313;14869.00189;4845101;man;31;apprenti;full-tim;inapplicable;Referenc;4845102;married;7;1;12;55.616928;Switzerl;inapplic;inapplic;inapplic;since bi;french
2003;48491;Lake Gen;4849102;couple w;4;2;0;0;51596.03516;8429.787012;4849102;woman;39;apprenti;child. w;inapplicable;Referenc;4849101;married;18;2;12;55.566048;Switzerl;inapplic;inapplic;inapplic;since bi;french
2003;48521;Lake Gen;4852102;couple w;2;0;0;0;58756.19922;9521.067963;4852102;woman;58;full-tim;child. w;inapplicable;Referenc;4852101;married;35;3;12;45.863232;Switzerl;inapplic;inapplic;inapplic;since bi;french
2003;48531;Lake Gen;4853101;couple w;2;0;0;0;59338.19922;8479.242395;4853101;woman;50;apprenti;part-tim;inapplicable;Referenc;4853102;married;0;2;12;46.519584;Switzerl;inapplic;inapplic;inapplic;since bi;french
2003;48591;Lake Gen;4859102;couple w;4;2;0;0;63221.03516;11459.94196;4859102;woman;42;apprenti;child. w;inapplicable;Referenc;4859101;married;17;2;12;54.853728;Switzerl;inapplic;inapplic;inapplic;since bi;french
2003;48631;Lake Gen;4863101;one pers;1;0;0;0;30421.75195;6599.741855;4863101;woman;67;full-tim;retired;32190;Referenc;inapplicable;divorced;0;3;12;47.476128;Switzerl;inapplic;inapplic;inapplic;since bi;french
2003;48641;Lake Gen;4864101;one pers;1;0;0;0;68195.60156;13314.44695;4864101;woman;54;domestic;part-tim;inapplicable;Referenc;inapplicable;divorced;0;1;10;54.08371;Switzerl;France a;inapplic;inapplic;1983;french
2003;48722;Lake Gen;4872101;couple w;2;0;0;0;136797.5938;19170.66633;4872101;man;47;PhD;full-tim;inapplicable;Referenc;4872201;divorced;0;4;21;10.321899;Switzerl;inapplic;inapplic;inapplic;1969;french
2003;48921;Lake Gen;4892101;couple w;4;2;0;0;112405;17640.67616;4892101;woman;34;universi;part-tim;inapplicable;Referenc;4892102;married;8;2;18;24.67752;Switzerl;inapplic;inapplic;inapplic;since bi;french
2003;49031;Lake Gen;4903101;other ho;2;0;0;0;100632.2031;16335.02086;4903101;woman;65;apprenti;retired;88800;Referenc;inapplicable;divorced;0;0;12;49.872576;Switzerl;inapplic;inapplic;inapplic;since bi;french
2003;49361;Lake Gen;4936102;couple w;6;4;0;0;150792.7969;29689.88301;4936102;woman;37;technica;child. w;inapplicable;Referenc;4936105;separate;7;2;16;35.805452;Switzerl;Hungary;inapplic;inapplic;since bi;french
2003;49362;Lake Gen;4936101;one pers;1;0;0;0;80992.60156;11825.90913;4936101;man;49;universi;full-tim;inapplicable;Referenc;inapplicable;separate;0;2;18;22.574214;Switzerl;Italy;inapplic;inapplic;since bi;french
2003;50091;Lake Gen;5009101;couple w;5;0;3;0;215006.8125;33121.2598;5009101;man;58;PhD;full-tim;inapplicable;Referenc;5009102;married;31;3;21;9.998793;Switzerl;inapplic;inapplic;inapplic;since bi;french
2003;50111;Lake Gen;5011102;couple w;4;2;0;0;133894;19588.76774;5011102;woman;34;universi;part-tim;inapplicable;Referenc;5011101;married;10;2;18;24.620352;France a;inapplic;inapplic;resident;1995;french
2003;50211;Lake Gen;5021102;couple w;3;1;0;0;116740.3984;18190.77188;5021102;woman;34;universi;part-tim;inapplicable;Referenc;5021101;married;15;1;18;24.551274;Switzerl;France a;inapplic;inapplic;1981;french
2003;50251;Lake Gen;5025101;one pers;1;0;0;0;63441.60156;9152.45865;5025101;woman;37;universi;full-tim;inapplicable;Referenc;inapplicable;single.;0;0;18;21.964422;Switzerl;inapplic;inapplic;inapplic;since bi;french
2003;50921;Lake Gen;5092101;couple w;4;1;1;0;155834.7969;21369.25962;5092101;man;48;vocation;part-tim;56400;Referenc;5092102;married;23;2;16;30.90244;Switzerl;inapplic;inapplic;inapplic;since bi;french
2003;50951;Lake Gen;5095101;one pers;1;0;0;0;49976.60156;8994.456998;5095101;man;49;vocation;full-tim;inapplicable;Referenc;inapplicable;divorced;0;4;16;32.613404;Switzerl;inapplic;inapplic;inapplic;1954;french
2003;51151;Lake Gen;5115101;couple w;2;0;0;0;85431.20313;12119.5216;5115101;man;60;universi;full-tim;inapplicable;Referenc;5115102;married;36;2;18;22.302666;Switzerl;inapplic;inapplic;inapplic;since bi;french
2003;51152;Lake Gen;5115103;one pers;1;0;0;0;37606.60156;7840.858653;5115103;woman;31;universi;part-tim;inapplicable;Referenc;inapplicable;single.;0;2;18;24.39168;Switzerl;inapplic;inapplic;inapplic;since bi;french
2003;51211;Lake Gen;5121102;couple w;2;0;0;0;72007.20313;14772.45572;5121102;woman;56;elementa;child. w;inapplicable;Referenc;5121101;married;8;2;10;61.70898;Switzerl;inapplic;inapplic;inapplic;since bi;french
2003;51371;Lake Gen;5137102;couple w;4;2;0;0;68452.60156;11488.6625;5137102;woman;40;compulso;child. w;inapplicable;Referenc;5137101;married;8;2;9;58.439193;Switzerl;Yugoslav;inapplic;inapplic;1986;french
2003;51661;Lake Gen;5166101;other ho;4;0;0;1;155143.4063;27563.4115;5166101;man;62;technica;other re;78000;Referenc;5166102;married;36;2;16;32.69222;Switzerl;inapplic;inapplic;inapplic;since bi;french
2003;51671;Lake Gen;5167101;couple w;2;0;0;0;90620.20313;18072.1051;5167101;man;50;apprenti;full-tim;inapplicable;Referenc;5167102;married;11;2;12;49.572384;Switzerl;inapplic;inapplic;inapplic;since bi;french
2003;51702;Lake Gen;5170103;couple w;2;0;0;0;88664;12322.11514;5170103;man;29;apprenti;full-tim;inapplicable;Referenc;5170201;married;0;2;12;48.809184;Switzerl;inapplic;inapplic;inapplic;since bi;french
2003;51791;Lake Gen;5179102;couple w;3;1;0;0;76877.39844;14476.13767;5179102;woman;42;compulso;part-tim;inapplicable;Referenc;5179101;married;21;1;9;61.672575;Portugua;inapplic;inapplic;resident;1984;french
2003;51821;Lake Gen;5182101;couple w;2;0;0;0;74819.60156;12989.29584;5182101;man;58;apprenti;retired;76800;Referenc;5182102;married;34;2;12;52.798176;Switzerl;inapplic;inapplic;inapplic;since bi;french
2003;51911;Lake Gen;5191101;one pers;1;0;0;0;35676.60156;7812.435228;5191101;woman;67;apprenti;retired;37280;Referenc;inapplicable;widower/;0;1;12;47.374368;Switzerl;inapplic;inapplic;inapplic;since bi;french
2003;51991;Lake Gen;5199102;couple w;2;0;0;0;98866.20313;18278.44633;5199102;man;70;PhD;retired;132360;Referenc;5199101;married;44;4;21;9.902067;France a;Ireland;inapplic;resident;1985;french
2003;52171;Lake Gen;5217102;couple w;4;2;0;0;89503;12890.65187;5217102;woman;35;apprenti;child. w;inapplicable;Referenc;5217101;married;12;2;12;52.772736;Switzerl;inapplic;inapplic;inapplic;since bi;french
2003;52551;Lake Gen;5255101;one pers;1;0;0;0;51385.60156;10639.99313;5255101;woman;56;apprenti;full-tim;inapplicable;Referenc;inapplicable;divorced;0;2;12;47.857728;Switzerl;Hungary;inapplic;inapplic;1956;french
2003;52771;Lake Gen;5277101;one pers;1;0;0;0;46022.60156;8504.125003;5277101;woman;58;full-tim;other re;56400;Referenc;inapplicable;single.;0;0;12;54.202464;Switzerl;inapplic;inapplic;inapplic;since bi;french
2003;53001;Lake Gen;5300101;one pers;1;0;0;0;29242.78711;4941.731735;5300101;woman;71;compulso;retired;30170;Referenc;inapplicable;widower/;0;3;9;65.356827;Switzerl;inapplic;inapplic;inapplic;1960;french
2003;53271;Lake Gen;5327101;couple w;3;0;1;0;89042.60156;14591.20315;5327101;man;53;apprenti;full-tim;inapplicable;Referenc;5327102;married;28;2;12;50.305056;Switzerl;inapplic;inapplic;inapplic;1985;french
2003;53272;Lake Gen;5327103;couple w;2;0;0;0;49224;7349.19552;5327103;woman;24;universi;full-tim;inapplicable;Referenc;5327201;single.;0;0;18;23.484138;Switzerl;inapplic;inapplic;inapplic;1979;french
2003;53401;Lake Gen;5340101;couple w;5;3;0;0;107218.3984;14745.44531;5340101;woman;36;technica;child. w;inapplicable;Referenc;5340102;married;10;3;16;34.587088;Switzerl;Spain an;inapplic;inapplic;since bi;french
2003;53421;Lake Gen;5342102;couple w;2;0;0;0;35400.50391;7478.431278;5342102;woman;63;compulso;retired;21600;Referenc;5342101;married;40;3;9;59.920623;Switzerl;inapplic;inapplic;inapplic;since bi;french
2003;53501;Lake Gen;5350101;couple w;4;2;0;0;83920.59375;13893.48509;5350101;man;44;universi;part-tim;inapplicable;Referenc;5350102;married;19;2;18;21.578538;Switzerl;inapplic;inapplic;inapplic;1967;french
2003;53551;Lake Gen;5355101;lone par;3;2;0;0;52839.39844;10412.97015;5355101;woman;50;full-tim;part-tim;inapplicable;Referenc;inapplicable;divorced;17;2;12;54.828288;Switzerl;inapplic;inapplic;inapplic;since bi;french
2003;53581;Middlela;5358101;couple w;5;3;0;0;71641.11719;12986.00706;5358101;woman;46;apprenti;child. w;inapplicable;Referenc;5358102;married;14;3;12;55.138656;Switzerl;inapplic;inapplic;inapplic;since bi;french
2003;53661;Middlela;5366102;couple w;4;2;0;0;60229.03906;12078.97548;5366102;woman;31;apprenti;part-tim;inapplicable;Referenc;5366101;married;11;3;12;55.520256;Switzerl;inapplic;inapplic;inapplic;since bi;french
2003;53691;Middlela;5369102;couple w;3;1;0;0;77597.60156;11287.89951;5369102;woman;27;bachelor;full-tim;inapplicable;Referenc;5369101;married;4;3;13;47.468969;Switzerl;inapplic;inapplic;inapplic;since bi;french
2003;53731;Middlela;5373102;couple w;3;1;0;0;62738.15234;11857.13172;5373102;woman;30;apprenti;part-tim;inapplicable;Referenc;5373101;married;8;2;12;54.232992;Italy;inapplic;inapplic;resident;since bi;french
2003;53781;Middlela;5378101;couple w;4;2;0;0;91487.20313;16651.29182;5378101;man;37;vocation;full-tim;inapplicable;Referenc;5378102;married;11;2;16;35.569004;Italy;inapplic;inapplic;resident;1987;french
2003;53801;Middlela;5380102;couple w;2;0;0;0;161486;28109.86982;5380102;woman;53;universi;child. w;inapplicable;Referenc;5380101;married;31;2;18;23.374566;United K;inapplic;inapplic;resident;1992;french
2003;53821;Middlela;5382101;couple w;2;0;0;0;35251.49609;7435.740051;5382101;man;65;compulso;full-tim;15600;Referenc;5382102;married;38;3;9;59.199231;Switzerl;inapplic;inapplic;inapplic;since bi;german
2003;53931;Middlela;5393102;couple w;2;0;0;0;125144;19101.53414;5393102;woman;52;full-tim;child. w;inapplicable;Referenc;5393101;married;23;2;12;49.236576;Switzerl;inapplic;inapplic;inapplic;since bi;french
2003;53961;Middlela;5396102;couple w;7;5;0;0;117191.2031;17131.66393;5396102;woman;40;vocation;part-tim;inapplicable;Referenc;5396101;married;0;5;16;32.104384;Switzerl;inapplic;inapplic;inapplic;since bi;french
2003;53991;Middlela;5399101;one pers;1;0;0;0;27743.70898;5764.245244;5399101;woman;27;incomple;other re;16800;Referenc;inapplicable;single.;0;0;8;70.911788;Switzerl;inapplic;inapplic;inapplic;since bi;french
2003;54131;Middlela;5413101;couple w;3;1;0;0;128315.3984;20251.5542;5413101;man;60;apprenti;full-tim;inapplicable;Referenc;5413102;married;14;3;12;45.959904;Switzerl;inapplic;inapplic;inapplic;since bi;french
2003;54251;Middlela;5425102;couple w;5;3;0;0;109909.7969;16176.87796;5425102;woman;42;universi;part-tim;inapplicable;Referenc;5425101;married;18;3;18;23.638968;Switzerl;inapplic;inapplic;inapplic;1985;french
2003;54401;Middlela;5440101;one pers;1;0;0;0;33666.82031;7499.252865;5440101;man;59;apprenti;full-tim;inapplicable;Referenc;inapplicable;separate;0;1;12;49.419744;Switzerl;inapplic;inapplic;inapplic;1944;french
2003;54402;Middlela;5440102;lone par;2;1;0;0;53233.60156;11036.3495;5440102;woman;43;PhD;full-tim;inapplicable;Referenc;inapplicable;separate;0;1;21;11.013387;Switzerl;inapplic;inapplic;inapplic;since bi;french
2003;54451;Middlela;5445101;one pers;1;0;0;0;18161.70898;4278.493763;5445101;woman;43;bachelor;part-tim;inapplicable;Referenc;inapplicable;divorced;0;0;13;50.529389;Switzerl;inapplic;inapplic;inapplic;since bi;french
2003;54571;Middlela;5457102;couple w;6;2;2;0;108522.6016;21757.21254;5457102;man;43;apprenti;full-tim;inapplicable;Referenc;5457101;married;21;4;12;54.070176;Switzerl;inapplic;inapplic;inapplic;since bi;french
2003;54661;Middlela;5466101;one pers;1;0;0;0;102181.6016;16596.10721;5466101;man;39;PhD;full-tim;inapplicable;Referenc;inapplicable;single.;0;0;21;11.053518;Switzerl;inapplic;inapplic;inapplic;since bi;french
2003;54791;Middlela;5479101;one pers;1;0;0;0;40547.60156;7538.53204;5479101;woman;59;elementa;part-tim;inapplicable;Referenc;inapplicable;widower/;0;3;10;62.69733;Switzerl;France a;inapplic;inapplic;1964;french
2003;54811;Middlela;5481101;one pers;1;0;0;0;48728;7820.07072;5481101;woman;62;apprenti;other re;62100;Referenc;inapplicable;widower/;0;2;12;45.89376;Switzerl;inapplic;inapplic;inapplic;1968;french
2003;54941;Middlela;5494101;couple w;2;0;0;0;98516;16786.02758;5494101;man;57;universi;full-tim;inapplicable;Referenc;5494102;married;19;2;18;23.834292;Switzerl;inapplic;inapplic;inapplic;since bi;french
2003;54981;Middlela;5498101;couple w;2;0;0;0;93547;15964.3265;5498101;man;51;full-tim;full-tim;inapplicable;Referenc;5498102;married;28;1;12;47.455776;Switzerl;inapplic;inapplic;inapplic;since bi;french
2003;55012;Middlela;5501201;couple w;2;0;0;0;105208.6016;19074.57924;5501201;woman;25;full-tim;full-tim;inapplicable;Referenc;5501103;married;0;2;12;49.262016;Switzerl;inapplic;inapplic;inapplic;since bi;french
2003;55041;Middlela;5504101;one pers;1;0;0;0;53372.60156;8452.099997;5504101;woman;35;bachelor;full-tim;inapplicable;Referenc;inapplicable;single.;0;1;13;45.948033;France a;inapplic;inapplic;resident;1989;french
2003;55171;Middlela;5517102;one pers;1;0;0;0;41751;6526.599968;5517102;woman;52;apprenti;part-tim;inapplicable;Referenc;inapplicable;separate;0;0;12;46.921536;Switzerl;inapplic;inapplic;inapplic;since bi;french
2003;55211;Middlela;5521101;couple w;3;0;1;0;146460;25352.30336;5521101;woman;57;universi;part-tim;inapplicable;Referenc;5521102;married;32;2;18;21.46182;Switzerl;8401;inapplic;inapplic;1968;french
2003;55241;Middlela;5524102;couple w;5;3;0;0;80576.79688;16203.96414;5524102;woman;40;universi;part-tim;inapplicable;Referenc;5524101;married;17;3;18;22.40271;Switzerl;inapplic;inapplic;inapplic;1983;french
2003;55681;Middlela;5568101;couple w;2;0;0;0;58833;11737.84922;5568101;woman;61;apprenti;full-tim;inapplicable;Referenc;5568102;married;21;2;12;49.119552;Switzerl;inapplic;inapplic;inapplic;since bi;french
2003;55701;Middlela;5570102;couple w;4;2;0;0;60240.63281;9798.059651;5570102;woman;42;full-tim;child. w;inapplicable;Referenc;5570101;married;14;2;12;52.014624;Switzerl;inapplic;inapplic;inapplic;1989;french
2003;55931;Middlela;5593101;couple w;3;0;1;0;132397.2031;21597.90671;5593101;man;47;apprenti;full-tim;inapplicable;Referenc;5593102;married;14;1;12;45.909024;Switzerl;inapplic;inapplic;inapplic;since bi;french
2003;55951;Middlela;5595102;couple w;3;0;1;0;70295;10819.17648;5595102;woman;61;compulso;child. w;inapplicable;Referenc;5595101;married;41;3;9;65.678877;Switzerl;inapplic;inapplic;inapplic;since bi;french
2003;56101;Middlela;5610101;couple w;2;0;0;0;83185;15686.18352;5610101;man;68;vocation;retired;20160;Referenc;5610102;married;29;2;16;36.110864;Switzerl;inapplic;inapplic;inapplic;since bi;french
2003;56141;Middlela;5614101;one pers;1;0;0;0;36522.60156;6846.353696;5614101;woman;81;apprenti;retired;44520;Referenc;inapplicable;widower/;0;3;12;55.912032;Switzerl;inapplic;inapplic;inapplic;since bi;german
2003;56161;Middlela;5616101;couple w;3;1;0;0;76963.60156;12999.96169;5616101;woman;31;bachelor;full-tim;inapplicable;Referenc;5616102;married;0;1;13;44.547659;Switzerl;inapplic;inapplic;inapplic;since bi;french
2003;56261;Middlela;5626102;couple w;5;3;0;0;171744.7969;31885.27594;5626102;woman;38;full-tim;part-tim;inapplicable;Referenc;5626101;married;16;3;12;50.824032;Switzerl;inapplic;inapplic;inapplic;since bi;french
2003;56371;Middlela;5637101;couple w;2;0;0;0;32257.08984;7366.252258;5637101;woman;61;compulso;child. w;inapplicable;Referenc;5637102;married;38;1;9;68.686824;Switzerl;Italy;inapplic;inapplic;1962;french
2003;56471;Middlela;5647101;couple w;2;0;0;0;75527;13979.28749;5647101;man;50;compulso;full-tim;inapplicable;Referenc;5647102;married;29;2;9;67.901022;Switzerl;inapplic;inapplic;inapplic;since bi;french
2003;56681;Middlela;5668101;one pers;1;0;0;0;36261.60156;8072.442997;5668101;woman;49;PhD;full-tim;inapplicable;Referenc;inapplicable;widower/;0;0;21;10.577091;Switzerl;Columbia;inapplic;inapplic;1992;french
2003;56781;Middlela;5678102;couple w;2;0;0;0;52869.67188;10304.79529;5678102;woman;57;apprenti;part-tim;inapplicable;Referenc;5678101;married;37;2;12;54.731616;Switzerl;inapplic;inapplic;inapplic;since bi;french
2003;56871;Middlela;5687102;couple w;4;2;0;0;63792.19922;9321.77621;5687102;man;34;apprenti;full-tim;inapplicable;Referenc;5687101;married;14;2;12;49.755552;Switzerl;inapplic;inapplic;inapplic;since bi;french
2003;56911;Middlela;5691101;couple w;4;2;0;0;90710.20313;17980.30007;5691101;woman;34;full-tim;part-tim;inapplicable;Referenc;5691102;married;11;2;12;49.892928;Switzerl;inapplic;inapplic;inapplic;since bi;french
2003;56961;Middlela;5696101;one pers;1;0;0;0;39319.60156;7928.381558;5696101;woman;65;elementa;retired;28800;Referenc;inapplicable;divorced;0;2;10;55.8867;Switzerl;inapplic;inapplic;inapplic;since bi;french
2003;57071;Middlela;5707101;one pers;1;0;0;0;100187;17925.69379;5707101;woman;44;universi;full-tim;inapplicable;Referenc;inapplicable;single.;0;0;18;24.682284;Switzerl;inapplic;inapplic;inapplic;since bi;french
2003;57151;Middlela;5715102;couple w;2;0;0;0;126469.2031;23851.23343;5715102;woman;58;apprenti;full-tim;inapplicable;Referenc;5715101;married;37;1;12;46.356768;Switzerl;inapplic;inapplic;inapplic;since bi;french
2003;57291;Middlela;5729101;couple w;3;1;0;0;65835.5625;10454.13662;5729101;woman;31;apprenti;part-tim;inapplicable;Referenc;5729102;married;4;2;12;54.126144;Switzerl;inapplic;inapplic;inapplic;since bi;french
2003;57901;Middlela;5790102;couple w;4;0;2;0;195998.5938;26890.97303;5790102;woman;50;vocation;part-tim;inapplicable;Referenc;5790101;married;29;2;16;34.573952;Switzerl;inapplic;inapplic;inapplic;since bi;french
2003;57941;Middlela;5794102;couple w;2;0;0;0;51815.67188;8809.259212;5794102;woman;58;apprenti;child. w;inapplicable;Referenc;5794101;married;38;1;12;46.524672;Switzerl;inapplic;inapplic;inapplic;since bi;french
2003;57981;Zurich;5798101;one pers;1;0;0;0;45218.39844;8892.092262;5798101;man;43;technica;full-tim;inapplicable;Referenc;inapplicable;separate;0;2;16;35.539448;Switzerl;8310;inapplic;inapplic;1982;french
2003;58011;Middlela;5801102;couple w;2;0;0;0;48518.19922;8231.879416;5801102;woman;54;full-tim;part-tim;inapplicable;Referenc;5801101;married;34;2;12;52.309728;Switzerl;France a;inapplic;inapplic;1968;french
2003;58121;Middlela;5812102;couple w;2;0;0;0;64271.19922;13251.21542;5812102;woman;57;bachelor;part-tim;inapplicable;Referenc;5812101;married;36;2;13;43.801102;Switzerl;inapplic;inapplic;inapplic;since bi;french
2003;58321;Middlela;5832101;one pers;1;0;0;0;76970;11509.65888;5832101;man;72;bachelor;retired;96720;Referenc;inapplicable;widower/;0;2;13;47.988313;Switzerl;inapplic;inapplic;inapplic;since bi;french
2003;58481;Middlela;5848102;couple w;2;0;0;0;51571.67188;9338.431295;5848102;woman;54;apprenti;child. w;inapplicable;Referenc;5848101;married;34;2;12;51.190368;Switzerl;inapplic;inapplic;inapplic;since bi;french
2003;58591;Lake Gen;5859101;couple w;3;1;0;0;68892.39844;10779.62791;5859101;woman;25;apprenti;part-tim;inapplicable;Referenc;5859102;married;5;3;12;51.516;Switzerl;France a;inapplic;inapplic;1986;french
2003;58803;Lake Gen;5880103;couple w;2;0;0;0;68251.79688;13429.3959;5880103;man;24;apprenti;full-tim;inapplicable;Referenc;5880301;single.;0;0;12;47.206464;Switzerl;inapplic;inapplic;inapplic;since bi;german
2003;59031;Lake Gen;5903101;one pers;1;0;0;0;34763.60156;6097.574171;5903101;woman;55;apprenti;full-tim;inapplicable;Referenc;inapplicable;divorced;0;3;12;49.231488;Switzerl;inapplic;inapplic;inapplic;since bi;german
2003;59111;Lake Gen;5911102;couple w;3;0;0;1;56771;9855.476064;5911102;woman;55;compulso;child. w;6910;Referenc;5911101;married;34;2;9;60.712866;Switzerl;inapplic;inapplic;inapplic;since bi;german
2003;59321;Lake Gen;5932102;couple w;4;1;1;0;97292.60156;15566.18055;5932102;woman;53;apprenti;child. w;inapplicable;Referenc;5932101;married;33;2;12;55.896768;Switzerl;inapplic;inapplic;inapplic;since bi;german
2003;59371;Middlela;5937102;couple w;4;1;1;0;120295.3984;22749.82554;5937102;woman;50;bachelor;part-tim;inapplicable;Referenc;5937101;married;27;3;13;45.929485;Switzerl;inapplic;inapplic;inapplic;since bi;german
2003;59381;Middlela;5938101;one pers;1;0;0;0;44386.60156;9657.41265;5938101;woman;29;apprenti;full-tim;inapplicable;Referenc;inapplicable;single.;0;0;12;52.152;Switzerl;inapplic;inapplic;inapplic;since bi;german
2003;59591;Middlela;5959101;one pers;1;0;0;0;51983.60156;10168.98444;5959101;woman;32;vocation;full-tim;inapplicable;Referenc;inapplicable;single.;0;2;16;33.881028;Switzerl;8601;inapplic;inapplic;since bi;german
2003;59731;Middlela;5973102;couple w;3;0;1;0;71129;11278.76304;5973102;woman;42;vocation;part-tim;inapplicable;Referenc;5973101;married;14;1;16;30.780932;Germany;inapplic;inapplic;resident;1984;german
2003;59741;Middlela;5974101;couple w;2;0;0;0;123241.2031;18974.08701;5974101;man;43;apprenti;full-tim;inapplicable;Referenc;5974102;single.;0;1;12;53.357856;Switzerl;inapplic;inapplic;inapplic;since bi;german
2003;59751;Middlela;5975102;couple w;2;0;0;0;58368.19922;11023.34784;5975102;woman;56;compulso;child. w;inapplicable;Referenc;5975101;married;37;2;9;59.360256;Switzerl;inapplic;inapplic;inapplic;since bi;german
2003;59821;Middlela;5982101;couple w;2;0;0;0;57333.39844;8926.091807;5982101;woman;57;domestic;child. w;inapplicable;Referenc;5982102;married;32;0;10;56.61748;Switzerl;inapplic;inapplic;inapplic;since bi;german
2003;59971;Middlela;5997102;couple w;2;0;0;0;80132.20313;12712.69607;5997102;woman;48;domestic;part-tim;inapplicable;Referenc;5997101;married;28;2;10;64.44641;Switzerl;inapplic;inapplic;inapplic;since bi;german
2003;59981;Middlela;5998101;couple w;4;2;0;0;89159.79688;15152.6023;5998101;man;43;vocation;full-tim;inapplicable;Referenc;5998102;married;19;2;16;31.75628;Switzerl;inapplic;inapplic;inapplic;since bi;german
2003;60041;Middlela;6004101;couple w;5;2;1;0;84612.84375;14078.65246;6004101;woman;41;compulso;part-tim;inapplicable;Referenc;6004102;married;18;3;9;67.147425;Switzerl;inapplic;inapplic;inapplic;since bi;german
2003;60131;Middlela;6013102;couple w;2;0;0;0;166916.2031;26553.99825;6013102;woman;55;vocation;part-tim;inapplicable;Referenc;6013101;married;34;3;16;29.677508;Switzerl;inapplic;inapplic;inapplic;1986;german
2003;60151;Middlela;6015101;one pers;1;0;0;0;49010.60156;10258.13599;6015101;woman;33;universi;part-tim;inapplicable;Referenc;inapplicable;single.;0;0;18;23.579418;Switzerl;inapplic;inapplic;inapplic;since bi;german
2003;60341;Middlela;6034102;lone par;2;0;0;1;28593.49609;6150.295182;6034102;woman;66;compulso;retired;28800;Referenc;inapplicable;widower/;0;1;9;67.237599;Switzerl;inapplic;inapplic;inapplic;since bi;german
2003;60561;Middlela;6056102;couple w;2;0;0;0;52952.4375;8316.75842;6056102;woman;57;apprenti;child. w;inapplicable;Referenc;6056101;married;36;2;12;49.292544;Switzerl;inapplic;inapplic;inapplic;since bi;german
2003;60771;Middlela;6077101;one pers;1;0;0;0;26881.24805;5215.123493;6077101;woman;69;PhD;retired;28800;Referenc;inapplicable;divorced;0;2;21;10.15623;Switzerl;Slovakia;inapplic;inapplic;1968;german
2003;60841;Middlela;6084101;couple w;3;0;1;0;64718.35156;13314.79825;6084101;woman;49;bachelor;child. w;inapplicable;Referenc;6084102;married;24;2;13;49.917305;Switzerl;inapplic;inapplic;inapplic;since bi;german
2003;61021;Middlela;6102102;couple w;4;2;0;0;105529;14808.48192;6102102;woman;41;apprenti;child. w;24000;Referenc;6102101;married;13;2;12;51.917952;Switzerl;inapplic;inapplic;inapplic;since bi;german
2003;61051;Middlela;6105101;couple w;2;0;0;0;78041.20313;13195.2821;6105101;woman;61;apprenti;child. w;inapplicable;Referenc;6105102;married;40;3;12;51.622848;Switzerl;inapplic;inapplic;inapplic;since bi;german
2003;61221;Middlela;6122101;couple w;3;1;0;0;140359.4063;21463.61708;6122101;woman;39;apprenti;child. w;inapplicable;Referenc;6122102;married;12;1;12;54.675648;Switzerl;inapplic;inapplic;inapplic;since bi;german
2003;61271;Middlela;6127101;couple w;4;2;0;0;59405.62891;12267.62295;6127101;woman;39;apprenti;child. w;inapplicable;Referenc;6127102;married;8;2;12;52.63536;Switzerl;inapplic;inapplic;inapplic;since bi;german
2003;61341;Middlela;6134101;couple w;4;2;0;0;125375.7969;19328.98502;6134101;man;50;bachelor;full-tim;inapplicable;Referenc;6134102;married;26;2;13;48.762692;Switzerl;inapplic;inapplic;inapplic;since bi;german
2003;61441;Middlela;6144101;one pers;1;0;0;0;62261.60156;10823.73686;6144101;woman;54;bachelor;full-tim;inapplicable;Referenc;inapplicable;divorced;0;0;13;41.862836;Switzerl;inapplic;inapplic;inapplic;since bi;german
2003;61481;Middlela;6148101;couple w;3;1;0;0;83831.60156;13663.57732;6148101;man;32;vocation;full-tim;inapplicable;Referenc;6148102;married;9;2;16;32.928668;Austria;inapplic;inapplic;resident;1973;german
2003;61561;Middlela;6156102;couple w;5;3;0;0;87438.39844;14276.61291;6156102;woman;35;bachelor;part-tim;inapplicable;Referenc;6156101;married;15;4;13;43.342039;Switzerl;inapplic;inapplic;inapplic;since bi;german
2003;61711;Middlela;6171101;couple w;5;3;0;0;72299;11268.32534;6171101;woman;35;domestic;child. w;inapplicable;Referenc;6171102;married;14;3;10;57.88736;Switzerl;inapplic;inapplic;inapplic;since bi;german
2003;62061;Middlela;6206101;couple w;3;1;0;0;67905.60156;10298.72994;6206101;woman;39;full-tim;part-tim;inapplicable;Referenc;6206102;married;4;1;12;53.790336;Switzerl;inapplic;inapplic;inapplic;since bi;german
2003;62161;Middlela;6216102;couple w;4;2;0;0;72982.60938;13747.17466;6216102;woman;41;apprenti;part-tim;inapplicable;Referenc;6216101;married;14;2;12;55.708512;Switzerl;inapplic;inapplic;inapplic;since bi;german
2003;62301;Middlela;6230102;couple w;3;1;0;0;60545.60156;9188.937315;6230102;woman;33;apprenti;part-tim;inapplicable;Referenc;6230101;married;14;1;12;50.976672;Switzerl;inapplic;inapplic;inapplic;since bi;german
2003;62371;Middlela;6237102;couple w;2;0;0;0;78738.39844;11563.86145;6237102;woman;65;full-tim;child. w;19080;Referenc;6237101;married;40;2;12;54.914784;Switzerl;inapplic;inapplic;inapplic;since bi;german
2003;62721;Middlela;6272102;couple w;2;0;0;0;69908.20313;14512.70719;6272102;woman;59;domestic;child. w;inapplicable;Referenc;6272101;married;32;0;10;56.30001;Switzerl;inapplic;inapplic;inapplic;1944;german
2003;62791;Middlela;6279102;couple w;4;2;0;0;81286.60156;13014.24163;6279102;woman;39;apprenti;child. w;inapplicable;Referenc;6279101;married;15;2;12;54.665472;Switzerl;inapplic;inapplic;inapplic;since bi;german
2003;62981;Middlela;6298101;couple w;2;0;0;0;73523.20313;10828.73369;6298101;man;49;PhD;full-tim;inapplicable;Referenc;6298102;married;10;0;21;10.158288;Switzerl;inapplic;inapplic;inapplic;since bi;german
2003;63041;Middlela;6304102;couple w;4;2;0;0;75248.79688;12617.31774;6304102;woman;35;apprenti;child. w;inapplicable;Referenc;6304101;married;17;2;12;51.434592;Switzerl;inapplic;inapplic;inapplic;since bi;german
2003;63101;Middlela;6310101;couple w;4;2;0;0;56603.62891;9231.941014;6310101;man;31;vocation;full-tim;inapplicable;Referenc;6310102;married;6;3;16;31.152024;Switzerl;inapplic;inapplic;inapplic;since bi;german
2003;63211;Middlela;6321101;couple w;2;0;0;0;83112.20313;12133.24249;6321101;woman;33;apprenti;full-tim;inapplicable;Referenc;6321102;single.;9;0;12;54.558624;Switzerl;inapplic;inapplic;inapplic;since bi;german
2003;63311;Middlela;6331102;couple w;2;0;0;0;118329.2031;23779.67829;6331102;woman;37;apprenti;full-tim;inapplicable;Referenc;6331101;married;11;0;12;51.302304;Switzerl;inapplic;inapplic;inapplic;since bi;german
2003;63641;Middlela;6364102;couple w;3;0;1;0;52852.19922;10581.65775;6364102;woman;47;domestic;full-tim;inapplicable;Referenc;6364101;married;24;1;10;59.87005;Switzerl;inapplic;inapplic;inapplic;since bi;german
2003;63941;Middlela;6394101;one pers;1;0;0;0;26949.24805;5915.309221;6394101;woman;75;apprenti;retired;20640;Referenc;inapplicable;divorced;0;2;12;55.321824;Switzerl;inapplic;inapplic;inapplic;1954;german
2003;63951;Middlela;6395101;couple w;2;0;0;0;75508.20313;12500.50223;6395101;man;29;apprenti;full-tim;inapplicable;Referenc;6395102;married;0;3;12;49.012704;Switzerl;inapplic;inapplic;inapplic;since bi;german
2003;64011;Middlela;6401106;other ho;4;0;0;1;120097;23696.63254;6401106;woman;18;apprenti;in schoo;inapplicable;Referenc;inapplicable;single.;0;inapplic;12;48.982176;Switzerl;inapplic;inapplic;inapplic;inapplic;inapplic
2003;64012;Middlela;6401105;couple w;2;0;0;0;107202.6016;20312.55379;6401105;woman;24;vocation;full-tim;inapplicable;Referenc;6401201;single.;0;1;14;39.78793;Switzerl;inapplic;inapplic;inapplic;since bi;german
2003;64141;Middlela;6414101;couple w;2;0;0;0;73824.20313;12553.07268;6414101;man;73;full-tim;retired;47800;Referenc;6414102;married;45;4;12;47.155584;Switzerl;inapplic;inapplic;inapplic;1984;german
2003;64221;Middlela;6422102;couple w;3;1;0;0;71134.39844;11839.19389;6422102;woman;41;domestic;part-tim;inapplicable;Referenc;6422101;married;18;1;10;62.70931;Switzerl;inapplic;inapplic;inapplic;since bi;german
2003;64311;Middlela;6431102;couple w;5;3;0;0;81490;15391.70176;6431102;woman;38;bachelor;part-tim;inapplicable;Referenc;6431101;married;14;3;13;44.626488;Switzerl;inapplic;inapplic;inapplic;since bi;german
2003;64321;Middlela;6432102;couple w;2;0;0;0;72206.20313;14418.36719;6432102;woman;42;apprenti;part-tim;inapplicable;Referenc;6432101;married;24;0;12;55.240416;Switzerl;inapplic;inapplic;inapplic;1961;german
2003;64401;Middlela;6440102;couple w;2;0;0;0;54123.39844;9860.66642;6440102;woman;53;vocation;part-tim;inapplicable;Referenc;6440101;married;34;2;16;32.262016;Switzerl;Italy;inapplic;inapplic;since bi;german
2003;64451;Middlela;6445102;couple w;3;0;1;0;40348.58984;7163.508019;6445102;woman;60;domestic;child. w;inapplicable;Referenc;6445101;married;40;4;10;65.47669;Switzerl;inapplic;inapplic;inapplic;1943;german
2003;64561;Middlela;6456102;couple w;4;2;0;0;61087.81641;11564.86594;6456102;woman;32;apprenti;part-tim;inapplicable;Referenc;6456101;married;11;3;12;48.99744;Switzerl;inapplic;inapplic;inapplic;since bi;german
2003;64711;Middlela;6471101;couple w;2;0;0;0;53935.19922;9858.817114;6471101;man;74;domestic;retired;53200;Referenc;6471102;married;48;3;10;57.42613;Switzerl;inapplic;inapplic;inapplic;since bi;german
2003;64811;Middlela;6481101;lone par;4;3;0;0;65327.50781;9464.264393;6481101;man;46;vocation;part-tim;inapplicable;Referenc;inapplicable;divorced;15;3;16;30.042032;Switzerl;inapplic;inapplic;inapplic;since bi;german
2003;64881;Middlela;6488102;couple w;7;5;0;0;85270.42188;12985.64962;6488102;woman;43;domestic;child. w;inapplicable;Referenc;6488101;married;18;5;10;59.31897;Switzerl;inapplic;inapplic;inapplic;since bi;german
2003;64921;Middlela;6492102;couple w;7;5;0;0;188915.2031;32700.32011;6492102;woman;32;vocation;full-tim;inapplicable;Referenc;6492101;married;13;5;14;45.556238;Croatia;Switzerl;inapplic;other;1989;german
2003;64961;Middlela;6496101;couple w;2;0;0;0;107555.2031;16631.9476;6496101;man;51;apprenti;full-tim;inapplicable;Referenc;6496102;married;14;0;12;55.896768;Switzerl;inapplic;inapplic;inapplic;since bi;german
2003;65001;Middlela;6500102;couple w;4;2;0;0;60399.60156;9631.667221;6500102;woman;41;apprenti;part-tim;inapplicable;Referenc;6500101;married;19;2;12;55.520256;Switzerl;inapplic;inapplic;inapplic;since bi;german
2003;65451;Middlela;6545101;couple w;5;2;1;0;55749.58203;9009.283264;6545101;man;38;apprenti;full-tim;inapplicable;Referenc;6545103;divorced;14;1;12;55.40832;Switzerl;inapplic;inapplic;inapplic;since bi;german
2003;65531;Middlela;6553101;one pers;1;0;0;0;73986.59375;13438.66661;6553101;man;68;bachelor;full-tim;25200;Referenc;inapplicable;married;0;4;13;48.498383;Switzerl;inapplic;inapplic;inapplic;since bi;german
2003;65681;Middlela;6568102;couple w;2;0;0;0;27752.41797;4829.975468;6568102;woman;63;elementa;retired;9700;Referenc;6568101;married;42;4;10;58.103;Switzerl;inapplic;inapplic;inapplic;since bi;german
2003;65741;Middlela;6574101;one pers;1;0;0;0;74783.20313;14987.90125;6574101;man;56;vocation;full-tim;inapplicable;Referenc;inapplicable;divorced;0;3;16;31.664328;Switzerl;inapplic;inapplic;inapplic;since bi;german
2003;65961;North-we;6596104;couple w;2;0;0;0;38971.04297;8097.822607;6596104;woman;25;apprenti;full-tim;inapplicable;Referenc;6596101;single.;0;0;12;50.223648;Switzerl;inapplic;inapplic;inapplic;since bi;german
2003;65991;North-we;6599101;couple w;4;2;0;0;100483.7969;16995.43595;6599101;man;51;bachelor;part-tim;inapplicable;Referenc;6599102;married;29;2;13;43.921664;Switzerl;inapplic;inapplic;inapplic;since bi;german
2003;66121;North-we;6612102;couple w;2;0;0;0;72003.60156;11964.66266;6612102;woman;46;vocation;part-tim;inapplicable;Referenc;6612101;married;14;4;16;34.298096;Switzerl;8601;inapplic;inapplic;1985;german
2003;66521;North-we;6652102;couple w;2;0;0;0;87889.20313;17893.97973;6652102;woman;53;apprenti;child. w;inapplicable;Referenc;6652101;married;35;2;12;50.656128;Switzerl;inapplic;inapplic;inapplic;since bi;german
2003;66641;North-we;6664101;couple w;4;0;2;0;107566.2031;16837.51382;6664101;woman;55;domestic;work in;inapplicable;Referenc;6664102;married;29;3;10;63.11064;Switzerl;inapplic;inapplic;inapplic;since bi;german
2003;66671;North-we;6667101;couple w;2;0;0;0;95650.20313;16346.42299;6667101;man;49;apprenti;full-tim;inapplicable;Referenc;6667102;married;29;0;12;49.546944;Switzerl;inapplic;inapplic;inapplic;since bi;german
2003;66741;North-we;6674101;couple w;4;2;0;0;91396.79688;15376.6364;6674101;woman;55;full-tim;child. w;inapplicable;Referenc;6674102;married;27;2;12;55.642368;Switzerl;inapplic;inapplic;inapplic;since bi;german
2003;66791;North-we;6679102;couple w;2;0;0;0;86303.60156;13538.00041;6679102;woman;46;apprenti;part-tim;inapplicable;Referenc;6679101;single.;11;0;12;48.92112;Switzerl;inapplic;inapplic;inapplic;since bi;german
2003;66911;North-we;6691101;one pers;1;0;0;0;55460.80078;9362.269008;6691101;woman;35;apprenti;full-tim;inapplicable;Referenc;inapplicable;single.;0;2;12;53.383296;Switzerl;inapplic;inapplic;inapplic;since bi;german
2003;66971;North-we;6697101;couple w;3;0;0;1;109081.3984;15065.04858;6697101;man;65;universi;other re;96000;Referenc;6697102;married;36;2;18;21.790536;Switzerl;inapplic;inapplic;inapplic;does not;german
2003;67201;North-we;6720101;couple w;2;0;0;0;56126.60156;11513.22361;6720101;man;73;compulso;retired;48000;Referenc;6720102;married;46;2;9;67.353537;Switzerl;inapplic;inapplic;inapplic;since bi;german
2003;67421;North-we;6742102;couple w;3;0;1;0;140356.2031;26839.49081;6742102;woman;52;general;full-tim;inapplicable;Referenc;6742101;divorced;23;1;10;63.74558;Switzerl;inapplic;inapplic;inapplic;since bi;german
2003;67941;North-we;6794102;couple w;3;0;1;0;79473.20313;11534.91421;6794102;woman;53;domestic;child. w;inapplicable;Referenc;6794101;married;33;4;10;60.43311;Switzerl;inapplic;inapplic;inapplic;1950;german
2003;68012;North-we;6801104;couple w;2;0;0;0;121883.6016;24413.03885;6801104;woman;32;universi;full-tim;inapplicable;Referenc;6801201;single.;0;1;18;22.095432;Switzerl;Italy;inapplic;inapplic;since bi;german
2003;68051;North-we;6805101;couple w;3;1;0;0;69608.20313;13028.19124;6805101;woman;45;elementa;child. w;inapplicable;Referenc;6805102;married;20;3;10;60.12163;Switzerl;inapplic;inapplic;inapplic;since bi;german
2003;68071;North-we;6807101;one pers;1;0;0;0;27241.80469;5864.548968;6807101;woman;66;domestic;part-tim;21900;Referenc;inapplicable;separate;0;2;10;61.72096;Switzerl;inapplic;inapplic;inapplic;1957;german
2003;68161;North-we;6816101;one pers;1;0;0;0;38402.80078;6115.647595;6816101;man;64;compulso;other re;49200;Referenc;inapplicable;single.;0;0;9;60.693543;Switzerl;inapplic;inapplic;inapplic;since bi;german
2003;68171;North-we;6817101;couple w;5;3;0;0;51547.16406;9467.63785;6817101;woman;39;apprenti;child. w;inapplicable;Referenc;6817102;married;13;5;12;49.796256;Switzerl;inapplic;inapplic;inapplic;since bi;german
2003;68351;North-we;6835101;one pers;1;0;0;0;27245.80469;5877.039908;6835101;woman;57;apprenti;part-tim;20400;Referenc;inapplicable;widower/;0;1;12;47.303136;Switzerl;inapplic;inapplic;inapplic;since bi;german
2003;68411;North-we;6841101;one pers;1;0;0;0;62991.80078;12944.33921;6841101;man;55;full-tim;full-tim;inapplicable;Referenc;inapplicable;single.;0;0;12;53.937888;Switzerl;inapplic;inapplic;inapplic;since bi;german
2003;68501;North-we;6850101;couple w;4;2;0;0;119116.6016;23047.39604;6850101;woman;40;universi;part-tim;inapplicable;Referenc;6850103;single.;7;2;18;25.349244;Switzerl;inapplic;inapplic;inapplic;since bi;german
2003;68811;North-we;6881101;lone par;3;2;0;0;76547.40625;12084.44704;6881101;woman;44;full-tim;part-tim;inapplicable;Referenc;inapplicable;separate;16;2;12;54.370368;Switzerl;inapplic;inapplic;inapplic;since bi;german
2003;68921;North-we;6892102;couple w;2;0;0;0;64484.60156;12168.61498;6892102;woman;62;apprenti;part-tim;inapplicable;Referenc;6892101;married;29;5;12;52.615008;Switzerl;inapplic;inapplic;inapplic;since bi;german
2003;69121;North-we;6912101;couple w;3;0;1;0;52319.55859;8797.616257;6912101;man;61;general;retired;42000;Referenc;6912102;married;28;2;10;56.31199;Switzerl;inapplic;inapplic;inapplic;since bi;german
2003;69171;North-we;6917102;couple w;3;0;1;0;152566.2031;20841.76797;6917102;woman;55;apprenti;full-tim;inapplicable;Referenc;6917101;married;34;1;12;48.661632;Netherla;Switzerl;inapplic;inapplic;1970;german
2003;69221;North-we;6922102;couple w;2;0;0;0;82149.60156;14039.27112;6922102;woman;58;apprenti;part-tim;inapplicable;Referenc;6922101;married;39;3;12;53.108544;Switzerl;inapplic;inapplic;inapplic;since bi;german
2003;69411;North-we;6941101;couple w;6;4;0;0;187847;34459.20499;6941101;man;40;universi;full-tim;inapplicable;Referenc;6941102;married;17;4;18;21.971568;Switzerl;inapplic;inapplic;inapplic;since bi;german
2003;69421;North-we;6942101;couple w;2;0;0;0;148184.5938;26765.36832;6942101;woman;51;vocation;part-tim;inapplicable;Referenc;6942102;single.;0;0;16;32.08468;Switzerl;inapplic;inapplic;inapplic;since bi;german
2003;69481;North-we;6948101;couple w;6;4;0;0;76310.70313;11780.42161;6948101;man;46;apprenti;full-tim;inapplicable;Referenc;6948102;married;17;4;12;54.28896;Switzerl;inapplic;inapplic;inapplic;since bi;german
2003;69491;Zurich;6949101;couple w;3;1;0;0;64294.69531;12722.87689;6949101;woman;35;apprenti;child. w;inapplicable;Referenc;6949102;married;0;2;12;51.302304;Switzerl;inapplic;inapplic;inapplic;since bi;german
2003;69611;North-we;6961101;couple w;4;2;0;0;80056.3125;14256.42192;6961101;woman;35;full-tim;part-tim;inapplicable;Referenc;6961103;married;16;3;12;52.426752;Switzerl;Germany;inapplic;inapplic;1991;german
2003;69771;North-we;6977101;couple w;5;3;0;0;87798.65625;12342.19326;6977101;man;48;vocation;full-tim;inapplicable;Referenc;6977102;married;27;inapplic;16;34.984452;Switzerl;inapplic;inapplic;inapplic;1957;inapplic
2003;69821;North-we;6982101;couple w;3;1;0;0;68435.20313;13624.97098;6982101;woman;31;technica;part-tim;inapplicable;Referenc;6982102;married;4;3;16;31.250544;Spain an;inapplic;inapplic;resident;since bi;german
2003;69841;North-we;6984102;couple w;5;3;0;0;104918.3984;21049.06923;6984102;woman;43;universi;part-tim;inapplicable;Referenc;6984101;married;21;3;18;24.389298;Switzerl;inapplic;inapplic;inapplic;since bi;german
2003;70011;North-we;7001102;couple w;2;0;0;0;101255.6016;16217.00499;7001102;woman;56;apprenti;part-tim;inapplicable;Referenc;7001101;married;13;2;12;46.78416;Switzerl;inapplic;inapplic;inapplic;since bi;german
2003;70101;North-we;7010101;one pers;1;0;0;0;41143.80078;7423.764954;7010101;woman;64;full-tim;retired;51600;Referenc;inapplicable;widower/;0;1;12;54.640032;Switzerl;inapplic;inapplic;inapplic;since bi;german
2003;70171;North-we;7017101;one pers;1;0;0;0;30758.80469;6434.202748;7017101;woman;71;full-tim;retired;19200;Referenc;inapplicable;divorced;0;2;12;48.732864;Switzerl;inapplic;inapplic;inapplic;1958;german
2003;70201;North-we;7020101;couple w;5;0;3;0;114312.6016;18595.57567;7020101;man;58;apprenti;full-tim;inapplicable;Referenc;7020102;married;28;3;12;54.451776;Switzerl;inapplic;inapplic;inapplic;since bi;german
2003;70321;North-we;7032101;couple w;2;0;0;0;76815.60156;11887.01985;7032101;man;58;general;full-tim;inapplicable;Referenc;7032102;married;34;2;10;59.41481;Switzerl;inapplic;inapplic;inapplic;since bi;german
2003;70341;North-we;7034102;couple w;5;3;0;0;81383.39844;12005.07452;7034102;man;35;universi;part-tim;inapplicable;Referenc;7034101;married;13;3;18;25.847082;Switzerl;inapplic;inapplic;inapplic;since bi;german
2003;70431;North-we;7043101;one pers;1;0;0;0;76312.79688;11796.57242;7043101;woman;54;bachelor;other si;inapplicable;Referenc;inapplicable;divorced;0;0;13;48.744144;Switzerl;inapplic;inapplic;inapplic;since bi;german
2003;70631;North-we;7063101;couple w;2;0;0;0;83677.60156;14932.29838;7063101;man;66;vocation;retired;82560;Referenc;7063102;married;0;3;16;30.629868;Switzerl;inapplic;inapplic;inapplic;since bi;german
2003;70691;North-we;7069102;couple w;3;0;1;0;103879.6328;21010.97186;7069102;man;51;apprenti;full-tim;inapplicable;Referenc;7069101;married;0;3;12;51.41424;Switzerl;inapplic;inapplic;inapplic;since bi;german
2003;70731;North-we;7073101;couple w;4;1;1;0;119503.6016;22201.04384;7073101;woman;49;PhD;part-tim;inapplicable;Referenc;7073102;married;21;2;21;11.296362;Switzerl;inapplic;inapplic;inapplic;since bi;german
2003;70811;North-we;7081101;one pers;1;0;0;0;39024.80078;8006.033572;7081101;woman;64;vocation;retired;12000;Referenc;inapplicable;divorced;0;1;16;33.358872;Switzerl;inapplic;inapplic;inapplic;since bi;german
2003;70881;North-we;7088102;couple w;2;0;0;0;180923.5938;27599.86945;7088102;woman;57;apprenti;part-tim;inapplicable;Referenc;7088101;married;32;2;12;50.610336;Switzerl;inapplic;inapplic;inapplic;since bi;german
2003;70931;North-we;7093101;couple w;4;2;0;0;106264.7969;17015.83776;7093101;woman;34;vocation;part-tim;inapplicable;Referenc;7093102;married;15;2;16;32.360536;Switzerl;inapplic;inapplic;inapplic;since bi;german
2003;71221;North-we;7122101;couple w;2;0;0;0;91179.60156;16461.70548;7122101;man;58;apprenti;full-tim;inapplicable;Referenc;7122102;married;36;2;12;49.918368;Germany;inapplic;inapplic;resident;1964;german
2003;71241;North-we;7124102;couple w;2;0;0;0;80651.60156;15227.94144;7124102;woman;47;apprenti;full-tim;inapplicable;Referenc;7124101;married;22;2;12;50.172768;Switzerl;Turkey;inapplic;inapplic;since bi;german
2003;71251;North-we;7125102;couple w;6;3;1;0;138018;22224.19686;7125102;woman;39;bachelor;part-tim;inapplicable;Referenc;7125101;married;19;4;13;44.00513;Switzerl;inapplic;inapplic;inapplic;since bi;german
2003;71331;North-we;7133101;couple w;3;1;0;0;33992.46094;6723.388434;7133101;woman;38;vocation;in schoo;inapplicable;Referenc;7133102;married;14;2;16;34.058364;Switzerl;inapplic;inapplic;inapplic;since bi;german
2003;71341;North-we;7134101;couple w;2;0;0;0;142381.2031;20532.50892;7134101;man;69;PhD;retired;162000;Referenc;7134102;married;44;1;21;10.529757;Switzerl;inapplic;inapplic;inapplic;1952;german
2003;71401;North-we;7140101;couple w;4;2;0;0;89157.79688;14538.62172;7140101;man;53;apprenti;part-tim;inapplicable;Referenc;7140102;married;23;2;12;51.307392;Switzerl;inapplic;inapplic;inapplic;since bi;german
2003;71411;North-we;7141102;couple w;3;1;0;0;48886.49609;8038.460038;7141102;woman;29;apprenti;child. w;inapplicable;Referenc;7141101;married;7;1;12;49.842048;Switzerl;inapplic;inapplic;inapplic;since bi;german
2003;71471;North-we;7147102;couple w;4;2;0;0;79868.77344;14746.28981;7147102;woman;31;full-tim;part-tim;inapplicable;Referenc;7147101;married;12;3;12;48.865152;Switzerl;inapplic;inapplic;inapplic;since bi;german
2003;71691;North-we;7169101;one pers;1;0;0;0;73734.60156;14840.02304;7169101;woman;61;apprenti;full-tim;inapplicable;Referenc;inapplicable;divorced;0;2;12;55.270944;Switzerl;inapplic;inapplic;inapplic;1984;german
2003;71871;North-we;7187101;one pers;1;0;0;0;49218.80078;7369.806747;7187101;woman;77;apprenti;retired;58800;Referenc;inapplicable;single.;0;0;12;48.330912;Switzerl;inapplic;inapplic;inapplic;since bi;german
2003;71891;North-we;7189101;couple w;2;0;0;0;90788.60156;16352.16883;7189101;man;52;apprenti;full-tim;inapplicable;Referenc;7189102;married;26;1;12;47.90352;Switzerl;inapplic;inapplic;inapplic;since bi;german
2003;72011;North-we;7201101;couple w;4;2;0;0;80225.79688;13437.64703;7201101;woman;42;apprenti;full-tim;inapplicable;Referenc;7201102;married;16;2;12;51.3888;Switzerl;inapplic;inapplic;inapplic;since bi;german
2003;72081;North-we;7208101;one pers;1;0;0;0;64388.80078;9891.692551;7208101;man;43;vocation;full-tim;inapplicable;Referenc;inapplicable;separate;0;0;16;31.224272;Switzerl;inapplic;inapplic;inapplic;since bi;german
2003;72131;North-we;7213102;couple w;2;0;0;0;46206.52734;9472.389881;7213102;woman;58;domestic;full-tim;inapplicable;Referenc;7213101;married;36;3;10;61.94858;Switzerl;inapplic;inapplic;inapplic;since bi;german
2003;72141;North-we;7214101;couple w;5;1;2;0;148090.4063;28961.66856;7214101;woman;50;full-tim;part-tim;inapplicable;Referenc;7214102;married;26;3;12;52.71168;Switzerl;inapplic;inapplic;inapplic;since bi;german
2003;72251;North-we;7225102;other ho;3;0;0;0;43549.16406;9092.928964;7225102;woman;26;bachelor;in schoo;inapplicable;Referenc;inapplicable;single.;0;0;13;45.196839;Switzerl;inapplic;inapplic;inapplic;1978;german
2003;72391;North-we;7239102;couple w;5;3;0;0;99486.39844;16173.43951;7239102;woman;35;compulso;child. w;inapplicable;Referenc;7239101;married;15;inapplic;9;58.464957;Switzerl;Dominica;inapplic;inapplic;1989;inapplic
2003;72511;Zurich;7251101;one pers;1;0;0;0;59542.39844;9516.21251;7251101;man;59;PhD;full-tim;inapplicable;Referenc;inapplicable;widower/;0;1;21;9.976155;Switzerl;inapplic;inapplic;inapplic;since bi;german
2003;72512;Zurich;7251102;couple w;2;0;0;0;76765.79688;11797.54093;7251102;man;37;vocation;full-tim;inapplicable;Referenc;7251201;single.;0;0;16;31.457436;Switzerl;inapplic;inapplic;inapplic;since bi;german
2003;72671;Zurich;7267101;one pers;1;0;0;0;15244.19531;3692.186894;7267101;woman;71;apprenti;retired;16800;Referenc;inapplicable;divorced;0;3;12;52.497984;Switzerl;Sweden;inapplic;inapplic;1960;german
2003;72681;Zurich;7268101;couple w;4;2;0;0;121110.7969;16607.84792;7268101;man;37;universi;part-tim;inapplicable;Referenc;7268103;married;6;2;18;24.229704;Switzerl;inapplic;inapplic;inapplic;1966;german
2003;72971;Zurich;7297104;couple w;2;0;0;0;88887.79688;14427.45662;7297104;man;29;universi;full-tim;inapplicable;Referenc;7297105;single.;0;2;18;21.847704;Switzerl;inapplic;inapplic;inapplic;1974;german
2003;72972;Zurich;7297102;couple w;2;0;0;0;285138.8125;51648.08424;7297102;woman;60;vocation;part-tim;inapplicable;Referenc;7297101;married;0;2;16;31.037084;Switzerl;inapplic;inapplic;inapplic;since bi;german
2003;72973;Zurich;7297103;one pers;1;0;0;0;57353.39844;8894.299238;7297103;woman;31;universi;full-tim;inapplicable;Referenc;inapplicable;single.;0;0;18;23.384094;Switzerl;inapplic;inapplic;inapplic;since bi;german
2003;73231;Zurich;7323101;lone par;2;1;0;0;29682.22656;6870.241718;7323101;woman;39;bachelor;part-tim;inapplicable;Referenc;inapplicable;married;5;1;13;50.158429;Switzerl;inapplic;inapplic;inapplic;since bi;german
2003;73371;Zurich;7337102;couple w;4;0;2;0;107014.3984;16763.13096;7337102;woman;48;apprenti;child. w;inapplicable;Referenc;7337101;married;26;2;12;53.408736;Switzerl;inapplic;inapplic;inapplic;since bi;german
2003;73431;North-we;7343101;couple w;5;3;0;0;134562.4063;21953.21739;7343101;woman;38;technica;part-tim;inapplicable;Referenc;7343104;married;10;3;16;35.41794;Switzerl;Italy;inapplic;inapplic;1986;german
2003;73441;Zurich;7344101;one pers;1;0;0;0;41562.39844;6907.935327;7344101;woman;36;universi;part-tim;inapplicable;Referenc;inapplicable;single.;0;0;18;22.526574;Switzerl;inapplic;inapplic;inapplic;since bi;german
2003;73511;Zurich;7351102;couple w;4;2;0;0;66822.79688;9762.525663;7351102;woman;28;apprenti;child. w;inapplicable;Referenc;7351101;married;7;2;12;51.97392;Switzerl;inapplic;inapplic;inapplic;1975;german
2003;73631;Zurich;7363101;couple w;2;0;0;0;93338.20313;15338.17669;7363101;man;42;apprenti;full-tim;inapplicable;Referenc;7363102;married;0;2;12;52.767648;Switzerl;inapplic;inapplic;inapplic;since bi;german
2003;73711;Zurich;7371102;couple w;2;0;0;0;81370.79688;15914.74058;7371102;woman;58;apprenti;part-tim;inapplicable;Referenc;7371101;married;16;0;12;49.170432;Switzerl;inapplic;inapplic;inapplic;1945;german
2003;73811;Zurich;7381101;couple w;3;1;0;0;66259.79688;11290.64549;7381101;woman;39;vocation;part-tim;inapplicable;Referenc;7381102;married;5;2;16;35.398236;Switzerl;inapplic;inapplic;inapplic;since bi;german
2003;74081;Zurich;7408101;couple w;2;0;0;0;71744.79688;14318.59679;7408101;woman;58;compulso;full-tim;inapplicable;Referenc;7408102;single.;0;0;9;69.034638;Switzerl;inapplic;inapplic;inapplic;since bi;german
2003;74101;Zurich;7410101;couple w;4;2;0;0;70625.79688;13057.81535;7410101;woman;35;domestic;child. w;inapplicable;Referenc;7410102;married;7;3;10;58.61215;Switzerl;inapplic;inapplic;inapplic;since bi;german
2003;74341;Zurich;7434102;one pers;1;0;0;0;54249.39844;8152.414939;7434102;man;41;vocation;part-tim;inapplicable;Referenc;inapplicable;single.;0;0;16;34.84324;Switzerl;inapplic;inapplic;inapplic;since bi;german
2003;74381;Zurich;7438101;couple w;2;0;0;0;119698.7969;18995.09375;7438101;woman;29;vocation;full-tim;inapplicable;Referenc;7438102;single.;0;0;16;32.646244;Switzerl;inapplic;inapplic;inapplic;since bi;german
2003;74511;Zurich;7451101;couple w;6;4;0;0;38123.51563;6198.092663;7451101;woman;46;bachelor;part-tim;inapplicable;Referenc;7451102;married;18;4;13;47.756463;Switzerl;inapplic;inapplic;inapplic;since bi;german
2003;74561;Zurich;7456101;couple w;2;0;0;0;41030.39063;7525.525216;7456101;man;72;vocation;retired;21600;Referenc;7456102;married;48;5;16;31.175012;Switzerl;inapplic;inapplic;inapplic;since bi;german
2003;74751;Zurich;7475101;couple w;2;0;0;0;55722.80078;11533.8819;7475101;woman;46;vocation;other re;45240;Referenc;7475102;married;0;0;16;32.813728;Switzerl;inapplic;inapplic;inapplic;since bi;german
2003;74851;Zurich;7485101;one pers;1;0;0;0;62804.39844;9972.560005;7485101;woman;61;vocation;full-tim;inapplicable;Referenc;inapplicable;single.;0;0;16;29.894252;Germany;inapplic;inapplic;resident;1981;german
2003;74891;Zurich;7489102;couple w;6;3;1;0;60911.51563;10462.15226;7489102;woman;36;apprenti;child. w;inapplicable;Referenc;7489101;married;19;4;12;55.61184;Switzerl;inapplic;inapplic;inapplic;since bi;german
2003;74911;Zurich;7491101;couple w;2;0;0;0;50579.47266;9614.637503;7491101;man;72;vocation;retired;48720;Referenc;7491102;married;45;2;16;32.485328;Switzerl;inapplic;inapplic;inapplic;since bi;german
2003;74941;Zurich;7494101;couple w;3;0;1;0;78611.60156;11774.71694;7494101;man;60;technica;full-tim;inapplicable;Referenc;7494102;married;30;2;16;30.120848;Switzerl;inapplic;inapplic;inapplic;since bi;german
2003;74981;Middlela;7498101;one pers;1;0;0;0;104015.6016;19456.14487;7498101;man;39;universi;full-tim;inapplicable;Referenc;inapplicable;single.;0;0;18;26.17818;Switzerl;inapplic;inapplic;inapplic;since bi;french
2003;75021;Zurich;7502102;one pers;1;0;0;0;52965.80078;10088.47755;7502102;man;24;full-tim;full-tim;inapplicable;Referenc;inapplicable;single.;0;0;12;55.881504;Switzerl;inapplic;inapplic;inapplic;1979;german
2003;75061;Zurich;7506101;couple w;4;2;0;0;126142.7969;24211.9947;7506101;man;51;elementa;full-tim;inapplicable;Referenc;7506102;married;0;2;10;63.73959;Switzerl;inapplic;inapplic;inapplic;since bi;german
2003;75071;Zurich;7507101;one pers;1;0;0;0;72107.39844;14984.44202;7507101;woman;57;bachelor;full-tim;inapplicable;Referenc;inapplicable;single.;0;0;13;48.294355;Switzerl;inapplic;inapplic;inapplic;since bi;german
2003;75141;Zurich;7514101;one pers;1;0;0;0;52546.39844;10494.92194;7514101;man;37;vocation;full-tim;inapplicable;Referenc;inapplicable;single.;0;0;16;30.49194;Switzerl;France a;inapplic;inapplic;since bi;german
2003;75231;Zurich;7523101;one pers;1;0;0;0;44256.39844;6556.942671;7523101;woman;60;full-tim;part-tim;inapplicable;Referenc;inapplicable;single.;0;0;12;55.81536;Switzerl;inapplic;inapplic;inapplic;since bi;german
2003;75411;Zurich;7541101;couple w;2;0;0;0;43260.39063;9135.261196;7541101;man;66;general;retired;46870;Referenc;7541102;married;40;3;10;65.62045;Switzerl;inapplic;inapplic;inapplic;1973;german
2003;75772;Zurich;7577101;couple w;5;2;1;0;70003.48438;11351.3987;7577101;man;44;universi;full-tim;inapplicable;Referenc;7577201;married;0;4;18;22.798122;Turkey;Switzerl;inapplic;inapplic;1982;german
2003;75851;Zurich;7585102;couple w;2;0;0;0;107682.7969;16052.67535;7585102;woman;39;vocation;part-tim;inapplicable;Referenc;7585101;married;15;0;16;30.554336;Italy;Switzerl;inapplic;inapplic;since bi;german
2003;75881;Zurich;7588101;one pers;1;0;0;0;52045.39844;10968.86217;7588101;woman;56;apprenti;part-tim;inapplicable;Referenc;inapplicable;divorced;0;2;12;51.877248;Switzerl;inapplic;inapplic;inapplic;since bi;german
2003;76101;Zurich;7610101;couple w;2;0;0;0;51360.80078;9844.533637;7610101;man;65;apprenti;retired;11900;Referenc;7610102;married;44;3;12;51.027552;Switzerl;inapplic;inapplic;inapplic;since bi;german
2003;76221;Zurich;7622101;one pers;1;0;0;0;16365.19531;3230.53542;7622101;woman;66;domestic;retired;18000;Referenc;inapplicable;single.;0;0;10;60.00782;Germany;inapplic;inapplic;resident;1958;german
2003;76271;Zurich;7627102;lone par;2;0;1;0;71324.20313;12046.96345;7627102;man;22;bachelor;in schoo;inapplicable;Referenc;inapplicable;single.;21;0;13;42.451735;Switzerl;inapplic;inapplic;inapplic;since bi;german
2003;76401;Zurich;7640101;lone par;2;1;0;0;32787.22656;7390.215435;7640101;woman;48;vocation;full-tim;inapplicable;Referenc;inapplicable;divorced;12;1;16;34.945044;Switzerl;inapplic;inapplic;inapplic;since bi;german
2003;76501;Zurich;7650102;couple w;4;2;0;0;92145.79688;16687.92715;7650102;woman;38;vocation;part-tim;inapplicable;Referenc;7650101;married;11;2;16;30.879452;Switzerl;inapplic;inapplic;inapplic;since bi;german
2003;76681;Zurich;7668102;couple w;4;2;0;0;70813.92188;12956.60306;7668102;woman;38;universi;part-tim;inapplicable;Referenc;7668101;married;11;2;18;23.243556;Switzerl;inapplic;inapplic;inapplic;since bi;german
2003;76751;Zurich;7675101;couple w;3;1;0;0;57243.80078;11022.52382;7675101;man;38;apprenti;full-tim;inapplicable;Referenc;7675102;married;7;1;12;53.006784;Portugua;inapplic;inapplic;resident;1990;italian
2003;76881;Zurich;7688101;couple w;3;1;0;0;99639.79688;19493.88805;7688101;man;34;universi;full-tim;inapplicable;Referenc;7688102;married;0;0;18;21.716694;Switzerl;inapplic;inapplic;inapplic;since bi;german
2003;76971;Zurich;7697102;couple w;2;0;0;0;238183.7969;38898.2167;7697102;woman;58;full-tim;child. w;inapplicable;Referenc;7697101;married;29;1;12;51.037728;Switzerl;inapplic;inapplic;inapplic;since bi;german
2003;77141;Zurich;7714101;one pers;1;0;0;0;81850.39844;16562.87491;7714101;woman;45;bachelor;full-tim;inapplicable;Referenc;inapplicable;divorced;0;0;13;45.989766;Switzerl;inapplic;inapplic;inapplic;since bi;german
2003;77241;Zurich;7724102;couple w;4;1;1;0;107312.6016;20219.59409;7724102;woman;48;vocation;part-tim;inapplicable;Referenc;7724101;married;23;4;16;34.212712;Switzerl;inapplic;inapplic;inapplic;since bi;german
2003;77381;Zurich;7738101;couple w;2;0;0;0;154221.7969;27339.25909;7738101;man;63;apprenti;other re;48000;Referenc;7738102;married;34;2;12;51.119136;Switzerl;inapplic;inapplic;inapplic;since bi;german
2003;77411;Zurich;7741102;couple w;5;3;0;0;72633.48438;11808.54208;7741102;woman;34;bachelor;part-tim;inapplicable;Referenc;7741101;married;0;3;13;48.822973;Italy;inapplic;inapplic;resident;since bi;german
2003;77451;Zurich;7745101;one pers;1;0;0;0;42006.39844;7805.955012;7745101;man;51;vocation;full-tim;inapplicable;Referenc;inapplicable;separate;0;0;16;35.76276;Switzerl;inapplic;inapplic;inapplic;since bi;german
2003;77631;Zurich;7763101;lone par;4;3;0;0;73533.91406;10564.66676;7763101;woman;47;apprenti;part-tim;inapplicable;Referenc;inapplicable;divorced;15;inapplic;12;48.936384;Switzerl;inapplic;inapplic;inapplic;since bi;inapplic
2003;77801;Zurich;7780102;couple w;2;0;0;0;65792.79688;13622.42838;7780102;woman;62;apprenti;child. w;inapplicable;Referenc;7780101;married;35;2;12;55.321824;Switzerl;inapplic;inapplic;inapplic;since bi;german
2003;77831;Zurich;7783103;couple w;4;0;2;0;167275.4063;33105.87112;7783103;man;25;apprenti;in schoo;inapplicable;Referenc;inapplicable;single.;25;0;12;53.922624;Switzerl;inapplic;inapplic;inapplic;since bi;german
2003;77962;Zurich;7796102;couple w;2;0;0;0;64608.80078;9820.462918;7796102;man;38;apprenti;full-tim;inapplicable;Referenc;7796201;single.;0;0;12;46.672224;Italy;inapplic;inapplic;resident;since bi;german
2003;78061;Zurich;7806102;couple w;2;0;0;0;87301.79688;13384.64268;7806102;woman;74;bachelor;retired;52560;Referenc;7806101;married;49;2;13;47.43651;Switzerl;8406;inapplic;inapplic;since bi;german
2003;78321;Zurich;7832101;couple w;2;0;0;0;99126.79688;17932.60179;7832101;woman;28;vocation;full-tim;inapplicable;Referenc;7832102;single.;6;2;16;34.846524;Switzerl;inapplic;inapplic;inapplic;since bi;german
2003;78341;Zurich;7834101;one pers;1;0;0;0;46444.39844;7169.810629;7834101;woman;35;bachelor;full-tim;inapplicable;Referenc;inapplicable;divorced;0;0;13;43.411594;Yugoslav;inapplic;inapplic;resident;1987;german
2003;78361;Zurich;7836101;one pers;1;0;0;0;71062.39844;13602.03413;7836101;woman;36;vocation;part-tim;inapplicable;Referenc;inapplicable;single.;0;0;16;33.243932;Switzerl;inapplic;inapplic;inapplic;since bi;german
2003;78491;Zurich;7849102;other ho;5;1;1;1;98559.25;18775.10981;7849102;woman;51;general;part-tim;inapplicable;Referenc;7849101;married;25;2;10;60.59484;Switzerl;inapplic;inapplic;inapplic;since bi;german
2003;78601;Zurich;7860101;one pers;1;0;0;0;24595.39844;4578.937708;7860101;man;47;vocation;full-tim;inapplicable;Referenc;inapplicable;divorced;0;3;16;31.31294;Croatia;inapplic;inapplic;resident;1994;german
2003;78792;Zurich;7879201;couple w;3;1;0;0;99943.79688;15988.53806;7879201;woman;34;technica;full-tim;inapplicable;Referenc;7879102;divorced;11;1;16;34.488568;Switzerl;France a;inapplic;inapplic;since bi;french
2003;78871;Zurich;7887101;couple w;5;1;2;0;75328.39063;11668.973;7887101;man;51;apprenti;full-tim;inapplicable;Referenc;7887102;married;23;3;12;46.600992;Macedoni;inapplic;inapplic;resident;1973;german
2003;78881;Zurich;7888102;couple w;2;0;0;0;54826.80078;8003.503974;7888102;woman;62;compulso;part-tim;inapplicable;Referenc;7888101;married;41;0;9;62.439054;Switzerl;inapplic;inapplic;inapplic;since bi;german
2003;78911;Zurich;7891101;couple w;2;0;0;0;71027.79688;14162.23817;7891101;woman;56;domestic;part-tim;inapplicable;Referenc;7891102;married;30;2;10;56.56956;Switzerl;inapplic;inapplic;inapplic;since bi;german
2003;78971;Zurich;7897102;couple w;2;0;0;0;84134.79688;11797.74677;7897102;man;64;apprenti;retired;inapplicable;Referenc;7897101;married;35;2;12;48.849888;Switzerl;inapplic;inapplic;inapplic;1971;german
2003;79001;East Swi;7900101;couple w;4;2;0;0;78968;12748.6128;7900101;woman;35;vocation;child. w;inapplicable;Referenc;7900102;married;0;2;16;31.030516;Switzerl;inapplic;inapplic;inapplic;since bi;german
2003;79141;Zurich;7914101;lone par;2;0;0;1;106207.7969;18252.35027;7914101;woman;57;vocation;part-tim;inapplicable;Referenc;inapplicable;separate;36;3;16;32.321128;Switzerl;inapplic;inapplic;inapplic;since bi;german
2003;79231;Zurich;7923102;couple w;4;2;0;0;259037.7969;35306.62231;7923102;woman;42;bachelor;child. w;inapplicable;Referenc;7923101;married;14;2;13;48.345362;Switzerl;Germany;inapplic;inapplic;1987;german
2003;79271;Zurich;7927102;couple w;2;0;0;0;93183.79688;14385.28626;7927102;man;64;vocation;retired;114000;Referenc;7927101;married;42;2;16;33.257068;Switzerl;inapplic;inapplic;inapplic;1968;german
2003;79391;Zurich;7939101;couple w;3;1;0;0;76157.79688;15078.64904;7939101;woman;31;apprenti;child. w;inapplicable;Referenc;7939102;married;10;1;12;51.938304;Switzerl;inapplic;inapplic;inapplic;since bi;german
2003;79651;Zurich;7965102;couple w;2;0;0;0;120484.7969;23477.36766;7965102;woman;41;apprenti;full-tim;inapplicable;Referenc;7965101;single.;10;0;12;50.925792;Switzerl;inapplic;inapplic;inapplic;since bi;german
2003;79781;Zurich;7978101;one pers;1;0;0;0;31843.19531;4980.761473;7978101;woman;64;universi;part-tim;13900;Referenc;inapplicable;divorced;0;4;18;25.056258;Switzerl;inapplic;inapplic;inapplic;1959;german
2003;79811;Zurich;7981102;couple w;4;0;2;0;309394;52987.78957;7981102;woman;58;bachelor;child. w;inapplicable;Referenc;7981101;married;29;2;13;42.739229;Switzerl;inapplic;inapplic;inapplic;since bi;german
2003;79941;Zurich;7994101;one pers;1;0;0;0;43230.39844;7468.769262;7994101;man;53;incomple;full-tim;inapplicable;Referenc;inapplicable;single.;0;0;8;75.005636;Italy;inapplic;inapplic;resident;1957;german
2003;80041;Zurich;8004101;couple w;2;0;0;0;144606.7969;24557.07283;8004101;man;60;apprenti;full-tim;inapplicable;Referenc;8004102;married;36;3;12;47.374368;Switzerl;inapplic;inapplic;inapplic;since bi;german
2003;80171;Zurich;8017102;couple w;2;0;0;0;102157.7969;15759.89188;8017102;woman;56;apprenti;part-tim;inapplicable;Referenc;8017101;divorced;6;2;12;47.196288;Switzerl;inapplic;inapplic;inapplic;since bi;german
2003;80343;Zurich;8034102;lone par;2;0;1;0;55762.20313;10146.18863;8034102;woman;53;bachelor;full-tim;inapplicable;Referenc;inapplicable;married;0;2;13;42.270892;Switzerl;inapplic;inapplic;inapplic;since bi;german
2003;80541;Zurich;8054102;couple w;5;3;0;0;173854.7969;23456.84875;8054102;woman;49;bachelor;part-tim;inapplicable;Referenc;8054101;single.;23;3;13;45.897026;Switzerl;inapplic;inapplic;inapplic;since bi;german
2003;80921;Zurich;8092101;one pers;1;0;0;0;29720.40039;5691.956158;8092101;woman;53;vocation;part-tim;inapplicable;Referenc;inapplicable;single.;0;1;16;30.39342;Switzerl;inapplic;inapplic;inapplic;since bi;german
2003;80981;Zurich;8098102;couple w;2;0;0;0;92751.79688;14845.51745;8098102;woman;43;apprenti;part-tim;inapplicable;Referenc;8098101;married;14;0;12;53.383296;Switzerl;inapplic;inapplic;inapplic;since bi;german
2003;81161;Zurich;8116101;couple w;3;1;0;0;72121.79688;14811.64264;8116101;woman;42;bachelor;part-tim;inapplicable;Referenc;8116103;married;0;1;13;49.996134;Switzerl;inapplic;inapplic;inapplic;since bi;german
2003;81231;Zurich;8123102;couple w;4;2;0;0;64076.02344;11047.37437;8123102;woman;39;apprenti;part-tim;inapplicable;Referenc;8123101;married;12;2;12;48.417408;Switzerl;inapplic;inapplic;inapplic;1970;german
2003;81381;East Swi;8138102;couple w;2;0;0;0;93103.79688;14787.0243;8138102;woman;49;apprenti;part-tim;inapplicable;Referenc;8138105;divorced;0;2;12;54.980928;Italy;Yugoslav;inapplic;resident;1972;german
2003;81661;East Swi;8166102;couple w;4;2;0;0;94486.79688;14425.50931;8166102;woman;36;apprenti;child. w;inapplicable;Referenc;8166101;married;17;2;12;54.690912;Switzerl;Slovenia;inapplic;inapplic;1969;german
2003;81671;East Swi;8167102;lone par;2;1;0;0;95406.39844;18151.76651;8167102;woman;42;apprenti;part-tim;inapplicable;Referenc;inapplicable;divorced;17;3;12;54.813024;Switzerl;Greece;inapplic;inapplic;since bi;german
2003;81711;East Swi;8171101;couple w;2;0;0;0;99116.79688;15681.95111;8171101;man;58;full-tim;full-tim;inapplicable;Referenc;8171102;single.;21;0;12;55.12848;Switzerl;inapplic;inapplic;inapplic;since bi;german
2003;82241;East Swi;8224101;one pers;1;0;0;0;51078.60156;7921.436849;8224101;woman;40;apprenti;full-tim;inapplicable;Referenc;inapplicable;single.;0;0;12;48.94656;Germany;inapplic;inapplic;resident;since bi;german
2003;82341;East Swi;8234101;one pers;1;0;0;0;66506;11671.2265;8234101;man;50;general;full-tim;inapplicable;Referenc;inapplicable;divorced;0;3;10;55.64111;Switzerl;inapplic;inapplic;inapplic;since bi;german
2003;82491;East Swi;8249102;couple w;4;0;1;1;31682.38086;4861.413931;8249102;woman;62;elementa;work in;inapplicable;Referenc;8249101;married;41;10;10;56.32996;Switzerl;inapplic;inapplic;inapplic;since bi;german
2003;82511;East Swi;8251101;couple w;2;0;0;0;75121.60156;15206.7249;8251101;man;32;apprenti;full-tim;inapplicable;Referenc;8251102;single.;6;0;12;47.374368;Switzerl;inapplic;inapplic;inapplic;since bi;german
2003;82761;East Swi;8276102;couple w;2;0;0;0;91951.79688;15077.51109;8276102;woman;68;apprenti;retired;18000;Referenc;8276101;married;42;3;12;47.287872;Switzerl;inapplic;inapplic;inapplic;since bi;german
2003;82801;East Swi;8280101;couple w;4;2;0;0;48520.76953;7121.076371;8280101;woman;40;bachelor;part-tim;inapplicable;Referenc;8280102;single.;12;2;13;43.838198;Switzerl;inapplic;inapplic;inapplic;since bi;german
2003;82841;East Swi;8284102;couple w;4;2;0;0;84921.79688;17321.18266;8284102;woman;45;compulso;part-tim;inapplicable;Referenc;8284101;married;24;2;9;64.583907;Switzerl;Austria;inapplic;inapplic;does not;german
2003;83221;East Swi;8322101;one pers;1;0;0;0;42583.60156;6278.829154;8322101;man;43;apprenti;full-tim;inapplicable;Referenc;inapplicable;single.;0;0;12;50.21856;Switzerl;inapplic;inapplic;inapplic;1984;german
2003;83251;East Swi;8325102;couple w;2;0;0;0;24004.74609;4620.988899;8325102;woman;60;apprenti;child. w;inapplicable;Referenc;8325101;married;33;2;12;54.731616;Switzerl;inapplic;inapplic;inapplic;since bi;german
2003;83481;East Swi;8348101;couple w;4;2;0;0;87167.60156;12540.37883;8348101;woman;41;bachelor;full-tim;inapplicable;Referenc;8348102;married;19;2;13;45.725457;Portugua;inapplic;inapplic;resident;1981;german
2003;83621;East Swi;8362101;one pers;1;0;0;0;24414.81055;4812.16739;8362101;man;80;apprenti;retired;26220;Referenc;inapplicable;widower/;0;4;12;53.439264;Switzerl;inapplic;inapplic;inapplic;since bi;german
2003;83671;East Swi;8367102;couple w;5;3;0;0;98814.20313;13555.80374;8367102;man;45;technica;full-tim;inapplicable;Referenc;8367101;married;17;3;16;32.357252;Switzerl;inapplic;inapplic;inapplic;since bi;german
2003;83721;East Swi;8372101;couple w;6;3;1;0;72644.01563;13622.78747;8372101;woman;39;apprenti;child. w;inapplicable;Referenc;8372106;married;19;6;12;46.153248;Switzerl;inapplic;inapplic;inapplic;since bi;german
2003;83761;East Swi;8376102;couple w;2;0;0;0;659711.625;114310.981;8376102;woman;65;apprenti;child. w;18720;Referenc;8376101;married;35;3;12;55.164096;Switzerl;inapplic;inapplic;inapplic;since bi;german
2003;83901;East Swi;8390102;other ho;3;1;0;0;33211.88672;6733.14496;8390102;woman;61;compulso;work in;inapplicable;Referenc;8390101;married;41;3;9;61.022034;Switzerl;inapplic;inapplic;inapplic;since bi;german
2003;83981;East Swi;8398101;couple w;2;0;0;0;53394;10632.85517;8398101;man;65;technica;full-tim;inapplicable;Referenc;8398102;married;39;1;16;30.9517;Switzerl;inapplic;inapplic;inapplic;1969;german
2003;84001;East Swi;8400101;couple w;2;0;0;0;32964.00781;6432.352129;8400101;man;67;universi;retired;21120;Referenc;8400102;married;36;4;18;21.502314;Switzerl;inapplic;inapplic;inapplic;1970;german
2003;84081;East Swi;8408102;couple w;3;0;1;0;78242.39844;13094.29394;8408102;woman;52;bachelor;child. w;inapplicable;Referenc;8408101;married;31;3;13;46.583302;Switzerl;inapplic;inapplic;inapplic;since bi;german
2003;84171;East Swi;8417101;couple w;5;3;0;0;84060;16163.32256;8417101;man;31;apprenti;part-tim;inapplicable;Referenc;8417102;married;9;3;12;47.226816;Switzerl;inapplic;inapplic;inapplic;since bi;german
2003;84271;East Swi;8427102;couple w;4;2;0;0;49804.76953;9325.719897;8427102;man;27;apprenti;full-tim;inapplicable;Referenc;8427101;married;8;2;12;52.426752;Switzerl;inapplic;inapplic;inapplic;1976;german
2003;84411;East Swi;8441102;couple w;2;0;0;0;85978;14673.84371;8441102;woman;55;apprenti;child. w;inapplicable;Referenc;8441101;married;35;2;12;51.485472;Switzerl;inapplic;inapplic;inapplic;since bi;german
2003;84551;East Swi;8455102;couple w;5;3;0;0;94627.61719;15388.27524;8455102;woman;41;bachelor;part-tim;inapplicable;Referenc;8455101;married;21;3;13;42.423913;Switzerl;inapplic;inapplic;inapplic;since bi;german
2003;84581;East Swi;8458101;couple w;4;2;0;0;82435.79688;16068.44742;8458101;man;32;universi;full-tim;inapplicable;Referenc;8458102;married;8;4;18;21.54519;Switzerl;inapplic;inapplic;inapplic;since bi;german
2003;85101;East Swi;8510101;couple w;5;3;0;0;85399.39844;13438.0014;8510101;man;39;apprenti;full-tim;inapplicable;Referenc;8510102;married;17;3;12;52.38096;Switzerl;inapplic;inapplic;inapplic;since bi;german
2003;85161;East Swi;8516101;couple w;4;2;0;0;82794.79688;15993.87024;8516101;man;42;vocation;full-tim;inapplicable;Referenc;8516102;married;5;3;16;35.867848;Switzerl;inapplic;inapplic;inapplic;since bi;german
2003;85181;East Swi;8518101;couple w;4;2;0;0;78113.79688;14407.98669;8518101;man;45;universi;full-tim;inapplicable;Referenc;8518102;married;11;2;18;23.507958;Germany;inapplic;inapplic;resident;1988;german
2003;85221;East Swi;8522101;other ho;4;0;1;0;94858.4375;18500.41746;8522101;man;72;PhD;part-tim;19200;Referenc;8522102;married;34;2;21;9.542946;Switzerl;inapplic;inapplic;inapplic;since bi;german
2003;85231;East Swi;8523102;couple w;2;0;0;0;82675.79688;15892.81842;8523102;woman;58;technica;part-tim;inapplicable;Referenc;8523101;married;34;3;16;32.882692;Switzerl;United K;inapplic;inapplic;1967;german
2003;85271;East Swi;8527101;one pers;1;0;0;0;26888.59961;5411.400762;8527101;woman;39;compulso;full-tim;inapplicable;Referenc;inapplicable;single.;0;0;9;59.824008;Italy;inapplic;inapplic;resident;1977;german
2003;85281;East Swi;8528102;couple w;2;0;0;0;67693;11289.0257;8528102;woman;57;bachelor;part-tim;inapplicable;Referenc;8528101;married;5;6;13;42.284803;Switzerl;inapplic;inapplic;inapplic;1946;german
2003;85491;East Swi;8549102;couple w;3;1;0;0;112675.4063;17973.91021;8549102;woman;51;universi;part-tim;inapplicable;Referenc;8549101;married;29;inapplic;18;25.801824;Switzerl;inapplic;inapplic;inapplic;since bi;inapplic
2003;85531;East Swi;8553101;couple w;3;0;1;0;117012.3984;19938.92557;8553101;man;58;PhD;full-tim;inapplicable;Referenc;8553102;married;34;3;21;9.822834;Switzerl;inapplic;inapplic;inapplic;1945;german
2003;85731;Central;8573102;couple w;4;2;0;0;78789.60156;12762.7434;8573102;woman;37;apprenti;child. w;inapplicable;Referenc;8573101;married;15;2;12;51.97392;Switzerl;inapplic;inapplic;inapplic;since bi;german
2003;85951;East Swi;8595101;couple w;2;0;0;0;29845.25781;6587.240169;8595101;man;82;apprenti;retired;16800;Referenc;8595102;married;52;3;12;50.188032;Switzerl;inapplic;inapplic;inapplic;1921;german
2003;86031;East Swi;8603102;couple w;2;0;0;0;37706.37109;7063.96466;8603102;woman;70;elementa;retired;inapplicable;Referenc;8603101;married;44;inapplic;10;60.1995;Switzerl;inapplic;inapplic;inapplic;since bi;inapplic
2003;86211;East Swi;8621102;couple w;5;1;2;0;135344.2031;26411.28352;8621102;woman;43;bachelor;part-tim;inapplicable;Referenc;8621101;married;23;3;13;49.66227;Switzerl;inapplic;inapplic;inapplic;since bi;german
2003;86281;East Swi;8628101;couple w;4;2;0;0;73857.14844;14227.02956;8628101;man;35;apprenti;full-tim;inapplicable;Referenc;8628102;married;10;2;12;53.312064;Switzerl;inapplic;inapplic;inapplic;since bi;german
2003;86771;East Swi;8677101;couple w;2;0;0;0;55464.36719;9362.810075;8677101;woman;56;domestic;child. w;inapplicable;Referenc;8677102;married;26;2;10;61.23577;Switzerl;inapplic;inapplic;inapplic;since bi;german
2003;87511;East Swi;8751101;couple w;2;0;0;0;101068.7969;15137.96022;8751101;man;32;full-tim;full-tim;inapplicable;Referenc;8751102;single.;4;2;12;50.086272;Switzerl;inapplic;inapplic;inapplic;since bi;german
2003;87811;East Swi;8781102;couple w;4;2;0;0;70045.79688;10383.55277;8781102;woman;48;apprenti;child. w;inapplicable;Referenc;8781101;married;17;2;12;52.99152;Switzerl;inapplic;inapplic;inapplic;since bi;german
2003;87951;East Swi;8795104;other ho;6;2;0;1;85252.20313;14125.01209;8795104;woman;35;apprenti;work in;inapplicable;Referenc;8795103;married;16;2;12;51.23616;Switzerl;inapplic;inapplic;inapplic;since bi;german
2003;88311;Central;8831102;couple w;6;1;3;0;164799.4063;23793.65661;8831102;woman;50;apprenti;part-tim;inapplicable;Referenc;8831101;married;28;4;12;51.546528;Switzerl;inapplic;inapplic;inapplic;since bi;german
2003;88341;Central;8834101;couple w;4;2;0;0;60839.6875;10822.37167;8834101;man;38;vocation;full-tim;inapplicable;Referenc;8834102;married;7;2;16;34.206144;Switzerl;inapplic;inapplic;inapplic;since bi;german
2003;88481;Central;8848101;lone par;2;0;0;1;33947.16406;5520.839301;8848101;woman;55;apprenti;part-tim;14400;Referenc;inapplicable;separate;31;4;12;55.850976;Switzerl;inapplic;inapplic;inapplic;1975;german
2003;88531;Central;8853101;couple w;2;0;0;0;80268;14200.0263;8853101;woman;42;universi;part-tim;inapplicable;Referenc;8853102;single.;19;0;18;24.687048;Switzerl;inapplic;inapplic;inapplic;since bi;german
2003;88591;East Swi;8859102;couple w;2;0;0;0;179315.7969;32629.88973;8859102;woman;36;universi;full-tim;inapplicable;Referenc;8859101;single.;11;0;18;25.134864;Switzerl;inapplic;inapplic;inapplic;since bi;german
2003;88671;Central;8867102;couple w;4;2;0;0;24243.61328;5233.191937;8867102;woman;41;bachelor;child. w;inapplicable;Referenc;8867101;married;15;2;13;44.269439;Switzerl;inapplic;inapplic;inapplic;since bi;german
2003;88751;East Swi;8875101;couple w;4;1;1;0;115170.2031;16917.23406;8875101;man;51;apprenti;full-tim;inapplicable;Referenc;8875102;married;20;2;12;54.843552;Switzerl;inapplic;inapplic;inapplic;since bi;german
2003;88851;Central;8885101;one pers;1;0;0;0;27525.58203;4488.639749;8885101;woman;84;elementa;retired;24120;Referenc;inapplicable;widower/;0;2;10;55.73096;Switzerl;inapplic;inapplic;inapplic;since bi;german
2003;88941;Central;8894102;couple w;4;0;2;0;111823.2031;15578.10612;8894102;woman;55;apprenti;part-tim;inapplicable;Referenc;8894101;married;29;4;12;51.561792;Switzerl;inapplic;inapplic;inapplic;since bi;german
2003;89002;Central;8900102;lone par;3;2;0;0;36331.03125;6582.686783;8900102;woman;27;apprenti;part-tim;inapplicable;Referenc;inapplicable;separate;0;3;12;49.546944;Switzerl;inapplic;inapplic;inapplic;since bi;german
2003;89011;Central;8901102;couple w;4;2;0;0;67165.00781;10061.96731;8901102;woman;34;apprenti;child. w;inapplicable;Referenc;8901101;married;7;2;12;46.539936;Switzerl;inapplic;inapplic;inapplic;since bi;german
2003;89131;East Swi;8913102;couple w;4;2;0;0;114067.3594;17876.27199;8913102;woman;40;vocation;part-tim;20000;Referenc;8913101;married;23;2;16;33.355588;Switzerl;inapplic;inapplic;inapplic;since bi;german
2003;89401;Central;8940102;couple w;2;0;0;0;86441.20313;14964.06783;8940102;woman;54;apprenti;part-tim;inapplicable;Referenc;8940101;married;32;2;12;51.180192;Switzerl;inapplic;inapplic;inapplic;since bi;german
2003;89431;Central;8943102;couple w;4;2;0;0;814512.1875;125176.0827;8943102;man;44;apprenti;full-tim;inapplicable;Referenc;8943101;married;20;2;12;49.745376;Switzerl;inapplic;inapplic;inapplic;since bi;german
2003;89621;Central;8962101;couple w;5;3;0;0;64777.42969;10532.51549;8962101;man;43;vocation;full-tim;inapplicable;Referenc;8962102;married;14;3;16;35.12238;Switzerl;inapplic;inapplic;inapplic;1960;german
2003;89741;Central;8974102;couple w;5;3;0;0;73209.42969;15108.7338;8974102;woman;40;bachelor;child. w;inapplicable;Referenc;8974101;married;14;3;13;44.204521;Switzerl;inapplic;inapplic;inapplic;since bi;german
2003;89821;Central;8982101;lone par;2;0;1;0;111747.6016;21839.94008;8982101;woman;52;bachelor;full-tim;inapplicable;Referenc;inapplicable;single.;20;1;13;44.478104;Switzerl;inapplic;inapplic;inapplic;since bi;german
2003;89901;Central;8990101;couple w;2;0;0;0;72382.20313;10784.56392;8990101;man;73;apprenti;retired;70320;Referenc;8990102;married;46;2;12;47.298048;Switzerl;inapplic;inapplic;inapplic;since bi;german
2003;90241;Central;9024101;one pers;1;0;0;0;51772.60156;10182.2703;9024101;woman;48;apprenti;full-tim;inapplicable;Referenc;inapplicable;single.;0;0;12;53.541024;Switzerl;inapplic;inapplic;inapplic;since bi;german
2003;90311;Central;9031102;couple w;4;0;2;0;122654.2031;23013.00957;9031102;woman;54;elementa;part-tim;inapplicable;Referenc;9031101;married;33;2;10;54.83246;Switzerl;inapplic;inapplic;inapplic;since bi;german
2003;90331;Central;9033102;couple w;4;1;1;0;123127.3984;17433.86319;9033102;woman;46;bachelor;part-tim;inapplicable;Referenc;9033101;married;22;2;13;44.111781;Switzerl;inapplic;inapplic;inapplic;since bi;german
2003;90361;Central;9036101;one pers;1;0;0;0;59787.60156;10185.63966;9036101;woman;41;domestic;full-tim;inapplicable;Referenc;inapplicable;single.;0;0;10;60.7985;Switzerl;inapplic;inapplic;inapplic;since bi;german
2003;90381;East Swi;9038101;couple w;2;0;0;0;180505.7969;27825.11969;9038101;woman;31;apprenti;full-tim;inapplicable;Referenc;9038102;single.;0;2;12;50.32032;Switzerl;inapplic;inapplic;inapplic;since bi;german
2003;90421;Central;9042101;couple w;4;2;0;0;68007.60156;10954.48138;9042101;man;41;apprenti;full-tim;inapplicable;Referenc;9042102;married;19;2;12;50.483136;Switzerl;inapplic;inapplic;inapplic;since bi;german
2003;90731;Central;9073101;one pers;1;0;0;0;9140.582031;2333.458485;9073101;woman;61;bachelor;part-tim;inapplicable;Referenc;inapplicable;divorced;0;2;13;41.853562;Switzerl;inapplic;inapplic;inapplic;since bi;german
2003;90921;Central;9092102;other ho;4;1;1;0;73399.91406;15218.86838;9092102;woman;51;elementa;work in;inapplicable;Referenc;9092101;married;26;3;10;54.94028;Switzerl;inapplic;inapplic;inapplic;since bi;german
2003;90941;Central;9094101;couple w;2;0;0;0;103844.2031;17900.43667;9094101;woman;50;apprenti;part-tim;17920;Referenc;9094102;married;22;0;12;54.207552;Switzerl;inapplic;inapplic;inapplic;since bi;german
2003;91111;Central;9111101;couple w;5;3;0;0;92167.79688;13614.72435;9111101;man;46;bachelor;full-tim;inapplicable;Referenc;9111102;married;14;3;13;48.298992;Switzerl;inapplic;inapplic;inapplic;1957;german
2003;91121;East Swi;9112102;couple w;4;2;0;0;93094.20313;12773.28026;9112102;woman;40;bachelor;child. w;inapplicable;Referenc;9112101;married;16;2;13;45.345223;Switzerl;inapplic;inapplic;inapplic;since bi;german
2003;91241;Central;9124102;couple w;2;0;0;0;29431.16406;5191.752095;9124102;woman;54;compulso;other re;inapplicable;Referenc;9124101;married;30;2;9;58.245963;Portugua;inapplic;inapplic;resident;1982;italian
2003;91451;Central;9145101;one pers;1;0;0;0;64844.60156;12617.30113;9145101;woman;58;vocation;full-tim;inapplicable;Referenc;inapplicable;single.;0;0;16;29.904104;Switzerl;inapplic;inapplic;inapplic;since bi;german
2003;91461;Central;9146101;couple w;5;3;0;0;54662.92578;9999.465896;9146101;man;44;elementa;full-tim;inapplicable;Referenc;9146102;married;23;3;10;61.68502;Yugoslav;inapplic;inapplic;resident;1983;german
2003;91481;Central;9148102;couple w;6;3;1;0;136981.7969;22972.08851;9148102;woman;43;bachelor;part-tim;inapplicable;Referenc;9148101;married;22;4;13;49.360865;Switzerl;inapplic;inapplic;inapplic;since bi;german
2003;91681;Central;9168102;couple w;5;1;2;0;91274.17188;14901.69346;9168102;woman;48;bachelor;part-tim;inapplicable;Referenc;9168101;married;23;3;13;50.019319;Switzerl;inapplic;inapplic;inapplic;since bi;german
2003;91701;Central;9170101;couple w;4;2;0;0;94091.60156;17926.62917;9170101;man;60;PhD;part-tim;inapplicable;Referenc;9170102;married;14;2;21;10.61928;Switzerl;inapplic;inapplic;inapplic;since bi;german
2003;91711;East Swi;9171102;couple w;5;2;1;0;95957.66406;14688.46782;9171102;woman;49;apprenti;child. w;inapplicable;Referenc;9171101;married;20;3;12;47.867904;Switzerl;inapplic;inapplic;inapplic;since bi;german
2003;91841;Central;9184102;couple w;2;0;0;0;82022.20313;13295.91232;9184102;woman;66;universi;child. w;14400;Referenc;9184101;married;39;1;18;24.015324;Switzerl;inapplic;inapplic;inapplic;since bi;german
2003;91871;Central;9187102;couple w;4;2;0;0;76977.60156;12378.94055;9187102;woman;38;apprenti;part-tim;inapplicable;Referenc;9187101;married;18;2;12;55.504992;Switzerl;inapplic;inapplic;inapplic;since bi;german
2003;91921;East Swi;9192102;lone par;3;2;0;0;7986.203613;1834.989701;9192102;woman;44;vocation;part-tim;inapplicable;Referenc;inapplicable;separate;10;2;16;35.591992;Switzerl;inapplic;inapplic;inapplic;since bi;german
2003;92231;Central;9223102;couple w;4;1;1;0;92868.39844;16249.07377;9223102;woman;43;elementa;child. w;inapplicable;Referenc;9223101;married;22;2;10;57.73162;Switzerl;inapplic;inapplic;inapplic;since bi;german
2003;92581;Central;9258101;couple w;4;0;2;0;67904.76563;10248.78185;9258101;man;56;apprenti;full-tim;inapplicable;Referenc;9258102;married;32;4;12;46.96224;Switzerl;inapplic;inapplic;inapplic;since bi;german
2003;92651;Central;9265102;couple w;2;0;0;0;62527.19922;11930.9183;9265102;woman;29;vocation;part-tim;inapplicable;Referenc;9265101;single.;10;1;16;35.670808;Switzerl;inapplic;inapplic;inapplic;since bi;german
2003;93251;Ticino;9325101;one pers;1;0;0;0;68876;10022.40941;9325101;man;45;universi;full-tim;inapplicable;Referenc;inapplicable;single.;0;1;18;24.791856;Switzerl;inapplic;inapplic;inapplic;since bi;italian
2003;93431;Ticino;9343101;couple w;4;1;1;0;53684.47656;8970.0335;9343101;woman;46;bachelor;child. w;inapplicable;Referenc;9343102;married;19;2;13;46.676042;Switzerl;inapplic;inapplic;inapplic;since bi;italian
2003;93511;Ticino;9351101;couple w;2;0;0;0;65715;13225.43984;9351101;man;39;apprenti;full-tim;inapplicable;Referenc;9351102;single.;0;0;12;53.113632;Switzerl;inapplic;inapplic;inapplic;since bi;italian
2003;93551;Ticino;9355102;couple w;3;0;1;0;48483.5;7093.4616;9355102;woman;49;domestic;child. w;inapplicable;Referenc;9355101;married;10;inapplic;10;64.28468;Switzerl;inapplic;inapplic;inapplic;since bi;inapplic
2003;93571;Ticino;9357102;couple w;2;0;0;0;45540.38672;7636.803264;9357102;woman;54;compulso;part-tim;inapplicable;Referenc;9357101;married;35;1;9;59.637219;Italy;inapplic;inapplic;resident;1968;italian
2003;93691;Ticino;9369102;couple w;2;0;0;0;95274;16893.5936;9369102;woman;35;universi;part-tim;inapplicable;Referenc;9369101;married;10;0;18;24.132042;Switzerl;inapplic;inapplic;inapplic;1978;italian
2003;93871;Ticino;9387101;couple w;4;2;0;0;59316.39844;8797.437077;9387101;woman;34;apprenti;part-tim;inapplicable;Referenc;9387104;married;10;2;12;52.879584;Switzerl;inapplic;inapplic;inapplic;1969;italian
2003;93951;Ticino;9395101;lone par;2;1;0;0;37297.10938;7122.216833;9395101;woman;55;full-tim;full-tim;inapplicable;Referenc;inapplicable;single.;15;1;12;52.798176;Switzerl;inapplic;inapplic;inapplic;since bi;italian
2003;94241;Lake Gen;9424101;couple w;4;2;0;0;63089.70313;10621.73308;9424101;man;41;apprenti;full-tim;inapplicable;Referenc;9424102;married;17;2;12;49.292544;Switzerl;inapplic;inapplic;inapplic;since bi;german
2003;94311;Lake Gen;9431102;couple w;2;0;0;0;44221;6841.444992;9431102;woman;79;apprenti;retired;16800;Referenc;9431101;married;58;5;12;55.601664;Switzerl;inapplic;inapplic;inapplic;since bi;german
2003;94511;Lake Gen;9451102;couple w;4;0;2;0;82148.64063;16273.83615;9451102;woman;48;domestic;full-tim;inapplicable;Referenc;9451101;married;28;3;10;61.67304;Switzerl;Italy;inapplic;inapplic;since bi;german
2003;95061;Middlela;9506102;couple w;4;2;0;0;99082.60156;17406.00174;9506102;woman;42;vocation;part-tim;inapplicable;Referenc;9506101;married;21;2;16;36.078024;Switzerl;inapplic;inapplic;inapplic;1975;german
2003;95651;Middlela;9565102;couple w;2;0;0;0;132825.4063;20654.36674;9565102;woman;57;domestic;part-tim;inapplicable;Referenc;9565101;married;31;0;10;63.23044;Switzerl;inapplic;inapplic;inapplic;since bi;german
2003;95731;Middlela;9573102;couple w;5;3;0;0;95345;13127.69952;9573102;woman;36;apprenti;child. w;inapplicable;Referenc;9573101;married;14;3;12;46.718016;Switzerl;inapplic;inapplic;inapplic;1999;german
2003;95861;Middlela;9586101;one pers;1;0;0;0;51217.60156;9143.325279;9586101;man;47;apprenti;full-tim;inapplicable;Referenc;inapplicable;widower/;0;0;12;46.814688;Switzerl;inapplic;inapplic;inapplic;since bi;german
2003;96061;Middlela;9606102;couple w;2;0;0;0;73873.20313;12632.5447;9606102;woman;62;domestic;part-tim;12300;Referenc;9606101;married;38;0;10;60.88236;Switzerl;Germany;inapplic;inapplic;1963;german
2003;96071;Middlela;9607102;couple w;2;0;0;0;59442.19922;11357.91848;9607102;woman;61;vocation;part-tim;inapplicable;Referenc;9607101;married;38;3;16;34.193008;Switzerl;inapplic;inapplic;inapplic;since bi;german
2003;96072;Middlela;9607201;couple w;4;2;0;0;60745.5;9235.731648;9607201;woman;24;apprenti;part-tim;inapplicable;Referenc;9607103;single.;0;3;12;51.653376;Switzerl;inapplic;inapplic;inapplic;since bi;german
2003;96081;Middlela;9608101;one pers;1;0;0;0;52771.60156;10980.85093;9608101;woman;69;apprenti;retired;61200;Referenc;inapplicable;widower/;0;3;12;55.56096;Switzerl;inapplic;inapplic;inapplic;since bi;german
2003;96131;Middlela;9613101;one pers;1;0;0;0;54777.60156;8717.670828;9613101;woman;42;apprenti;full-tim;inapplicable;Referenc;inapplicable;single.;0;0;12;45.832704;Switzerl;inapplic;inapplic;inapplic;1961;german
2003;96151;Middlela;9615101;one pers;1;0;0;0;23915.67969;5093.897335;9615101;woman;65;full-tim;retired;inapplicable;Referenc;inapplicable;widower/;0;2;12;46.63152;Switzerl;inapplic;inapplic;inapplic;1956;german
2003;96251;Middlela;9625101;one pers;1;0;0;0;32385.71875;5870.156564;9625101;man;71;apprenti;retired;32400;Referenc;inapplicable;widower/;0;2;12;54.782496;Switzerl;inapplic;inapplic;inapplic;since bi;german
2003;96291;Middlela;9629102;couple w;3;0;1;0;50236.71094;10773.14551;9629102;woman;54;apprenti;child. w;inapplicable;Referenc;9629101;married;34;3;12;50.712096;Switzerl;inapplic;inapplic;inapplic;since bi;german
2003;96521;Middlela;9652101;couple w;3;0;1;0;86391.20313;15382.8865;9652101;man;45;apprenti;full-tim;inapplicable;Referenc;9652102;divorced;8;5;12;47.130144;Switzerl;inapplic;inapplic;inapplic;since bi;german
2003;96611;Middlela;9661103;couple w;5;1;2;0;98808.90625;16782.52992;9661103;woman;20;bachelor;in schoo;inapplicable;Referenc;inapplicable;single.;21;0;13;42.558386;Switzerl;inapplic;inapplic;inapplic;since bi;german
2003;96651;Middlela;9665101;other ho;2;0;0;0;32896.49609;5238.740693;9665101;woman;68;apprenti;retired;19200;Referenc;inapplicable;single.;68;0;12;52.630272;Switzerl;inapplic;inapplic;inapplic;since bi;german
2003;96721;Middlela;9672101;couple w;4;2;0;0;91323.79688;13963.20063;9672101;woman;42;apprenti;part-tim;inapplicable;Referenc;9672102;married;10;2;12;45.89376;Switzerl;inapplic;inapplic;inapplic;since bi;german
2003;96831;Middlela;9683101;couple w;3;1;0;0;42611.19141;7228.329212;9683101;woman;60;domestic;work in;inapplicable;Referenc;9683102;married;33;5;10;63.9732;Switzerl;inapplic;inapplic;inapplic;since bi;german
2003;96921;Middlela;9692102;couple w;2;0;0;0;108498.2031;18334.0089;9692102;woman;67;full-tim;child. w;18580;Referenc;9692101;married;42;3;12;51.149664;Switzerl;inapplic;inapplic;inapplic;since bi;german
2003;96961;Middlela;9696101;one pers;1;0;0;0;68380.60156;11618.49205;9696101;woman;49;full-tim;full-tim;inapplicable;Referenc;inapplicable;single.;0;0;12;46.494144;Switzerl;inapplic;inapplic;inapplic;since bi;german
2003;97071;Middlela;9707102;couple w;2;0;0;0;92526.20313;15352.1926;9707102;woman;54;apprenti;part-tim;inapplicable;Referenc;9707101;married;34;2;12;47.404896;Switzerl;inapplic;inapplic;inapplic;since bi;german
2003;97121;Middlela;9712102;couple w;7;5;0;0;38288.97656;5981.762708;9712102;woman;40;apprenti;child. w;inapplicable;Referenc;9712101;married;11;5;12;46.824864;Switzerl;inapplic;inapplic;inapplic;since bi;german
2003;97211;Middlela;9721102;couple w;2;0;0;0;36350.49609;7005.566381;9721102;man;68;apprenti;retired;19070;Referenc;9721101;married;43;3;12;47.374368;Switzerl;inapplic;inapplic;inapplic;since bi;german
2003;97231;Middlela;9723101;one pers;1;0;0;0;42947.60156;8081.001242;9723101;woman;55;full-tim;part-tim;inapplicable;Referenc;inapplicable;divorced;0;1;12;46.768896;Switzerl;inapplic;inapplic;inapplic;since bi;german
2003;97351;Middlela;9735101;one pers;1;0;0;0;35483.19922;7393.119708;9735101;man;59;universi;part-tim;25800;Referenc;inapplicable;divorced;0;1;18;24.208266;Switzerl;inapplic;inapplic;inapplic;1982;german
2003;97361;Middlela;9736101;couple w;4;2;0;0;61285.60156;11354.62562;9736101;man;35;apprenti;full-tim;inapplicable;Referenc;9736102;married;12;2;12;49.211136;Switzerl;Italy;inapplic;inapplic;since bi;german
2003;97451;Middlela;9745104;other ho;3;0;0;0;98385.60156;18844.4533;9745104;woman;30;apprenti;full-tim;inapplicable;Referenc;inapplicable;divorced;0;inapplic;12;55.016544;Switzerl;inapplic;inapplic;inapplic;inapplic;inapplic
2003;97452;Middlela;9745102;couple w;3;1;0;0;63266.60156;12470.72219;9745102;woman;32;bachelor;part-tim;inapplicable;Referenc;9745201;married;0;2;13;50.710232;Switzerl;inapplic;inapplic;inapplic;since bi;german
2003;97481;Middlela;9748101;one pers;1;0;0;0;23143.67969;4174.372815;9748101;woman;74;apprenti;retired;25320;Referenc;inapplicable;widower/;0;3;12;52.080768;Switzerl;inapplic;inapplic;inapplic;1953;german
2003;97611;Middlela;9761102;couple w;3;0;1;0;122256.2031;24516.92745;9761102;woman;62;elementa;child. w;6200;Referenc;9761101;married;36;3;10;56.35991;Switzerl;inapplic;inapplic;inapplic;since bi;german
2003;97701;Middlela;9770101;one pers;1;0;0;0;75346.60156;11245.97001;9770101;man;33;apprenti;full-tim;inapplicable;Referenc;inapplicable;single.;0;0;12;49.933632;Switzerl;inapplic;inapplic;inapplic;since bi;german
2003;97761;Middlela;9776101;couple w;3;0;1;0;84277.20313;14191.76858;9776101;man;52;apprenti;full-tim;inapplicable;Referenc;9776102;married;25;3;12;52.615008;Switzerl;inapplic;inapplic;inapplic;since bi;german
2003;97861;Middlela;9786101;couple w;4;0;2;0;113498.3984;16837.5828;9786101;man;53;vocation;full-tim;inapplicable;Referenc;9786102;married;32;2;16;31.3622;Switzerl;inapplic;inapplic;inapplic;since bi;german
2003;97921;Middlela;9792102;other ho;3;1;0;0;34216.19141;7623.183003;9792102;woman;65;compulso;retired;18000;Referenc;9792101;married;46;5;9;64.41;Switzerl;inapplic;inapplic;inapplic;since bi;german
2003;97941;Middlela;9794101;couple w;5;3;0;0;52575.58203;9799.871362;9794101;man;36;apprenti;full-tim;inapplicable;Referenc;9794102;married;0;3;12;49.903104;Albania;inapplic;inapplic;resident;1988;german
2003;97981;Middlela;9798101;lone par;3;0;2;0;86718.20313;12167.67843;9798101;woman;45;apprenti;part-tim;inapplicable;Referenc;inapplicable;divorced;27;2;12;52.955904;Switzerl;inapplic;inapplic;inapplic;since bi;german
2003;98021;Middlela;9802101;one pers;1;0;0;0;54936.19922;8820.60248;9802101;man;49;apprenti;full-tim;inapplicable;Referenc;inapplicable;married;0;0;12;45.858144;Switzerl;inapplic;inapplic;inapplic;since bi;german
2003;98031;Middlela;9803102;couple w;4;2;0;0;53972;11142.51533;9803102;woman;34;full-tim;child. w;inapplicable;Referenc;9803101;married;11;2;12;54.192288;Switzerl;inapplic;inapplic;inapplic;since bi;german
2003;98101;Middlela;9810102;couple w;5;3;0;0;56393.58203;11378.07909;9810102;woman;35;apprenti;child. w;inapplicable;Referenc;9810101;married;9;3;12;53.892096;Switzerl;inapplic;inapplic;inapplic;since bi;german
2003;98201;Middlela;9820102;couple w;2;0;0;0;52767.4375;9112.29235;9820102;woman;53;apprenti;full-tim;inapplicable;Referenc;9820101;divorced;9;1;12;53.70384;Switzerl;inapplic;inapplic;inapplic;since bi;german
2003;98211;Middlela;9821101;couple w;4;2;0;0;92737.60156;13722.05728;9821101;man;34;vocation;full-tim;inapplicable;Referenc;9821102;married;12;2;16;32.764468;Switzerl;inapplic;inapplic;inapplic;since bi;german
2003;98231;Middlela;9823102;couple w;3;1;0;0;74679.60156;13777.45537;9823102;man;43;vocation;full-tim;inapplicable;Referenc;9823101;married;18;1;16;34.33422;Switzerl;inapplic;inapplic;inapplic;since bi;german
2003;98241;Middlela;9824101;couple w;3;1;0;0;86016.39844;12542.32514;9824101;woman;34;vocation;part-tim;inapplicable;Referenc;9824102;married;0;3;16;32.019;Switzerl;inapplic;inapplic;inapplic;since bi;german
2003;98261;Middlela;9826101;couple w;2;0;0;0;71862.39844;11778.09989;9826101;man;49;apprenti;full-tim;inapplicable;Referenc;9826102;married;26;1;12;55.362528;Switzerl;inapplic;inapplic;inapplic;since bi;german
2003;98441;Middlela;9844102;couple w;4;0;2;0;102287.7969;15302.96106;9844102;woman;59;PhD;part-tim;inapplicable;Referenc;9844101;married;33;3;21;11.182143;Switzerl;inapplic;inapplic;inapplic;since bi;german
2003;98661;Middlela;9866102;couple w;4;2;0;0;75222.79688;11776.40395;9866102;woman;47;bachelor;part-tim;inapplicable;Referenc;9866101;married;15;2;13;48.294355;Switzerl;inapplic;inapplic;inapplic;since bi;german
2003;98741;Middlela;9874102;couple w;4;0;2;0;125763.2031;21633.26762;9874102;woman;54;bachelor;part-tim;inapplicable;Referenc;9874101;married;26;3;13;43.638807;Switzerl;inapplic;inapplic;inapplic;since bi;german
2003;98791;Middlela;9879102;couple w;3;0;1;0;62445.79688;10920.983;9879102;man;41;vocation;full-tim;inapplicable;Referenc;9879101;married;16;0;16;34.2357;Switzerl;inapplic;inapplic;inapplic;1962;german
2003;98792;Middlela;9879104;couple w;2;0;0;0;55091;10240.5119;9879104;man;25;vocation;full-tim;inapplicable;Referenc;9879201;single.;0;0;16;29.90082;Switzerl;inapplic;inapplic;inapplic;since bi;german
2003;98841;Middlela;9884102;couple w;2;0;0;0;54894.19922;9818.290934;9884102;woman;49;apprenti;part-tim;inapplicable;Referenc;9884101;married;29;2;12;53.006784;Switzerl;inapplic;inapplic;inapplic;since bi;german
2003;98851;Middlela;9885101;couple w;4;2;0;0;65111.62891;12070.96225;9885101;man;45;vocation;full-tim;inapplicable;Referenc;9885102;married;20;2;16;30.281764;Switzerl;inapplic;inapplic;inapplic;since bi;german
2003;98931;Middlela;9893102;couple w;2;0;0;0;542951.1875;85429.34312;9893102;woman;49;PhD;full-tim;inapplicable;Referenc;9893101;married;20;0;21;10.47522;Switzerl;Czeck Re;inapplic;inapplic;1975;german
2003;99211;Middlela;9921102;couple w;3;1;0;0;109724.6016;20682.44655;9921102;woman;35;bachelor;part-tim;inapplicable;Referenc;9921101;married;12;2;13;42.15033;Switzerl;inapplic;inapplic;inapplic;since bi;german
2003;99501;Middlela;9950101;couple w;5;0;3;0;164053.2031;24850.6434;9950101;man;51;PhD;full-tim;inapplicable;Referenc;9950102;married;28;4;21;11.108055;Switzerl;inapplic;inapplic;inapplic;since bi;german
2003;99621;Middlela;9962102;couple w;3;0;1;0;52637.58984;8278.181829;9962102;woman;52;apprenti;child. w;inapplicable;Referenc;9962101;married;25;1;12;51.755136;Switzerl;inapplic;inapplic;inapplic;since bi;german
2003;99671;Middlela;9967101;couple w;2;0;0;0;32259.49609;5374.077198;9967101;woman;71;domestic;retired;18000;Referenc;9967102;married;50;3;10;57.88736;Switzerl;inapplic;inapplic;inapplic;1932;german
2003;99711;Middlela;9971102;couple w;3;0;1;0;110127.2031;22243.87309;9971102;woman;49;vocation;part-tim;inapplicable;Referenc;9971101;married;27;3;16;35.378532;Switzerl;Germany;inapplic;inapplic;1978;german
2003;99761;Middlela;9976101;one pers;1;0;0;0;53158.60156;11047.14828;9976101;woman;28;vocation;full-tim;inapplicable;Referenc;inapplicable;single.;0;0;16;31.053504;Switzerl;inapplic;inapplic;inapplic;since bi;german
2003;99891;Middlela;9989102;lone par;2;0;0;1;41084.4375;6186.042968;9989102;man;72;apprenti;retired;38470;Referenc;inapplicable;widower/;0;5;12;54.49248;Switzerl;inapplic;inapplic;inapplic;since bi;german
2003;100041;Middlela;10004102;couple w;4;2;0;0;74762.60156;11733.21711;10004102;woman;40;vocation;child. w;inapplicable;Referenc;10004101;married;14;2;16;32.294856;Switzerl;inapplic;inapplic;inapplic;since bi;german
2003;100081;Middlela;10008101;one pers;1;0;0;0;41043.60156;8765.585288;10008101;man;30;apprenti;full-tim;inapplicable;Referenc;inapplicable;single.;0;1;12;48.122304;Switzerl;inapplic;inapplic;inapplic;since bi;german
2003;100141;Middlela;10014101;couple w;2;0;0;0;44452.4375;6738.151134;10014101;man;73;full-tim;retired;inapplicable;Referenc;10014102;married;44;2;12;52.106208;Switzerl;inapplic;inapplic;inapplic;since bi;german
2003;100161;Middlela;10016101;one pers;1;0;0;0;79931.60156;12826.58012;10016101;woman;77;bachelor;retired;97200;Referenc;inapplicable;widower/;0;3;13;46.898618;Switzerl;inapplic;inapplic;inapplic;1947;german
2003;100221;Middlela;10022101;couple w;4;2;0;0;64319.61328;9653.923097;10022101;woman;43;apprenti;child. w;inapplicable;Referenc;10022102;married;14;2;12;50.055744;Switzerl;inapplic;inapplic;inapplic;since bi;german
2003;100261;Middlela;10026101;couple w;3;1;0;0;170321.4063;27884.15648;10026101;woman;41;bachelor;part-tim;inapplicable;Referenc;10026102;married;14;1;13;43.425505;Switzerl;inapplic;inapplic;inapplic;since bi;german
2003;100381;Middlela;10038101;one pers;1;0;0;0;25747.60156;5052.037315;10038101;man;46;apprenti;full-tim;inapplicable;Referenc;inapplicable;separate;0;2;12;48.758304;Switzerl;inapplic;inapplic;inapplic;1957;german
2003;100601;Middlela;10060102;couple w;2;0;0;0;88117.20313;17306.19012;10060102;woman;53;apprenti;part-tim;inapplicable;Referenc;10060101;married;30;2;12;51.078432;Switzerl;inapplic;inapplic;inapplic;since bi;german
2003;100681;Middlela;10068101;couple w;2;0;0;0;65928.39844;13375.52337;10068101;man;57;vocation;full-tim;inapplicable;Referenc;10068102;married;36;3;16;34.656052;Switzerl;inapplic;inapplic;inapplic;since bi;german
2003;100781;Middlela;10078102;couple w;2;0;0;0;100744.2031;14208.83017;10078102;man;56;bachelor;full-tim;inapplicable;Referenc;10078101;married;31;0;13;45.034544;Switzerl;inapplic;inapplic;inapplic;since bi;german
2003;101151;Middlela;10115101;couple w;5;3;0;0;66620.32813;10497.99095;10115101;man;37;vocation;full-tim;inapplicable;Referenc;10115102;married;8;3;16;35.394952;Switzerl;inapplic;inapplic;inapplic;since bi;german
2003;101231;Middlela;10123101;one pers;1;0;0;0;55345.19922;9325.0204;10123101;man;42;vocation;full-tim;inapplicable;Referenc;inapplicable;single.;0;0;16;32.038704;Switzerl;inapplic;inapplic;inapplic;since bi;german
2003;101341;Middlela;10134102;lone par;3;2;0;0;18008.13672;3386.047756;10134102;woman;44;elementa;child. w;inapplicable;Referenc;inapplicable;separate;14;2;10;56.23412;Switzerl;inapplic;inapplic;inapplic;since bi;german
2003;101342;Middlela;10134101;one pers;1;0;0;0;55761.19922;8131.900621;10134101;man;44;general;full-tim;inapplicable;Referenc;inapplicable;married;0;2;10;65.09932;Switzerl;inapplic;inapplic;inapplic;since bi;german
2003;101421;Middlela;10142102;couple w;2;0;0;0;111162.2813;19638.84782;10142102;woman;53;domestic;part-tim;inapplicable;Referenc;10142101;married;29;3;10;56.32397;Switzerl;inapplic;inapplic;inapplic;since bi;german
2003;101791;North-we;10179102;couple w;2;0;0;0;104586.6016;19645.56596;10179102;woman;48;full-tim;part-tim;inapplicable;Referenc;10179101;married;22;0;12;49.470624;Netherla;inapplic;inapplic;resident;1978;german
2003;101991;North-we;10199102;couple w;5;3;0;0;95476.39844;13955.23424;10199102;woman;42;bachelor;part-tim;inapplicable;Referenc;10199101;married;15;3;13;44.529111;Switzerl;inapplic;inapplic;inapplic;since bi;german
2003;102081;North-we;10208102;couple w;4;2;0;0;66923.61719;9698.723917;10208102;woman;37;vocation;part-tim;inapplicable;Referenc;10208101;married;20;2;16;35.48362;Switzerl;inapplic;inapplic;inapplic;since bi;german
2003;102121;North-we;10212102;couple w;2;0;0;0;120164.2031;23082.22217;10212102;man;49;apprenti;full-tim;inapplicable;Referenc;10212101;married;21;0;12;50.223648;Switzerl;inapplic;inapplic;inapplic;since bi;german
2003;102171;North-we;10217102;couple w;2;0;0;0;126973.6016;24632.51104;10217102;woman;56;apprenti;part-tim;inapplicable;Referenc;10217101;married;31;3;12;50.635776;Switzerl;inapplic;inapplic;inapplic;since bi;german
2003;102172;North-we;10217103;one pers;1;0;0;0;9983.939453;2506.520252;10217103;woman;24;bachelor;in schoo;inapplicable;Referenc;inapplicable;single.;0;0;13;41.816466;Switzerl;inapplic;inapplic;inapplic;since bi;german
2003;102271;North-we;10227102;couple w;2;0;0;0;111832.2031;18307.46477;10227102;woman;55;apprenti;child. w;inapplicable;Referenc;10227101;married;30;2;12;46.494144;Switzerl;inapplic;inapplic;inapplic;since bi;german
2003;102341;North-we;10234102;couple w;4;2;0;0;76495.79688;14629.45689;10234102;woman;43;apprenti;part-tim;inapplicable;Referenc;10234101;married;20;2;12;45.888672;Switzerl;inapplic;inapplic;inapplic;since bi;german
2003;102391;North-we;10239102;couple w;3;1;0;0;142068.4063;20270.97323;10239102;woman;38;apprenti;part-tim;inapplicable;Referenc;10239101;separate;0;1;12;51.444768;Switzerl;inapplic;inapplic;inapplic;1965;german
2003;102471;North-we;10247101;lone par;4;1;2;0;67448.27344;12376.59325;10247101;man;48;apprenti;full-tim;inapplicable;Referenc;inapplicable;separate;23;3;12;47.374368;Switzerl;inapplic;inapplic;inapplic;since bi;german
2003;102531;North-we;10253101;lone par;2;1;0;0;64785.39844;13177.35055;10253101;man;41;PhD;part-tim;inapplicable;Referenc;inapplicable;divorced;14;1;21;10.171665;Switzerl;United S;inapplic;inapplic;1988;german
2003;102761;North-we;10276101;one pers;1;0;0;0;59718.60156;11749.79956;10276101;woman;71;bachelor;retired;57720;Referenc;inapplicable;widower/;0;3;13;48.08569;Switzerl;inapplic;inapplic;inapplic;since bi;german
2003;102831;North-we;10283102;couple w;3;1;0;0;72657.20313;12342.34908;10283102;woman;52;apprenti;child. w;inapplicable;Referenc;10283101;married;31;1;12;49.7352;Switzerl;inapplic;inapplic;inapplic;since bi;german
2003;102921;North-we;10292102;couple w;2;0;0;0;57671.60156;9231.302011;10292102;man;46;apprenti;full-tim;inapplicable;Referenc;10292101;single.;8;0;12;52.396224;Switzerl;inapplic;inapplic;inapplic;since bi;german
2003;103051;North-we;10305102;couple w;2;0;0;0;101468.2031;18668.85722;10305102;woman;72;bachelor;part-tim;inapplicable;Referenc;10305101;married;47;inapplic;13;46.986721;Switzerl;inapplic;inapplic;inapplic;1949;inapplic
2003;103061;North-we;10306101;one pers;1;0;0;0;27303.79688;5303.110489;10306101;man;64;apprenti;full-tim;inapplicable;Referenc;inapplicable;separate;0;1;12;48.559872;Switzerl;inapplic;inapplic;inapplic;since bi;german
2003;103091;North-we;10309102;couple w;4;2;0;0;66177.61719;11787.73955;10309102;woman;35;apprenti;child. w;inapplicable;Referenc;10309101;married;13;2;12;55.240416;Switzerl;Austria;inapplic;inapplic;since bi;german
2003;103191;North-we;10319102;one pers;1;0;0;0;64317.60156;13499.29991;10319102;woman;68;full-tim;retired;50400;Referenc;inapplicable;widower/;0;0;12;53.22048;Switzerl;inapplic;inapplic;inapplic;since bi;german
2003;103271;North-we;10327102;couple w;4;1;1;0;120784.7969;16536.88172;10327102;man;41;apprenti;full-tim;inapplicable;Referenc;10327101;single.;23;0;12;53.057664;Switzerl;inapplic;inapplic;inapplic;since bi;german
2003;103381;North-we;10338102;couple w;4;2;0;0;121016.7969;23954.66558;10338102;woman;41;bachelor;part-tim;inapplicable;Referenc;10338101;married;20;2;13;42.113234;Switzerl;inapplic;inapplic;inapplic;since bi;german
2003;103401;North-we;10340101;couple w;2;0;0;0;87342.20313;12827.37299;10340101;man;62;vocation;full-tim;inapplicable;Referenc;10340102;married;36;1;16;32.738196;Switzerl;inapplic;inapplic;inapplic;since bi;german
2003;103541;North-we;10354101;couple w;2;0;0;0;109545.6016;22210.52275;10354101;man;70;universi;retired;90960;Referenc;10354102;married;43;2;18;24.227322;Switzerl;inapplic;inapplic;inapplic;since bi;german
2003;103821;North-we;10382101;couple w;2;0;0;0;55567.57031;11777.97804;10382101;man;66;vocation;retired;63600;Referenc;10382102;married;41;2;16;36.0419;Switzerl;inapplic;inapplic;inapplic;since bi;german
2003;104011;North-we;10401102;couple w;3;1;0;0;66609.25;12944.46579;10401102;woman;51;full-tim;part-tim;inapplicable;Referenc;10401101;married;22;1;12;49.185696;Switzerl;inapplic;inapplic;inapplic;since bi;german
2003;104321;North-we;10432102;couple w;2;0;0;0;69367.96094;13521.7013;10432102;man;66;apprenti;retired;62160;Referenc;10432101;married;43;0;12;53.927712;Switzerl;inapplic;inapplic;inapplic;since bi;french
2003;104341;North-we;10434101;one pers;1;0;0;0;29065.80469;5474.232253;10434101;woman;71;full-tim;part-tim;25200;Referenc;inapplicable;widower/;0;3;12;48.163008;Switzerl;inapplic;inapplic;inapplic;since bi;french
2003;104431;North-we;10443101;couple w;4;2;0;0;89560.79688;13566.80884;10443101;woman;38;apprenti;part-tim;inapplicable;Referenc;10443102;married;13;2;12;53.535936;Switzerl;inapplic;inapplic;inapplic;since bi;german
2003;104591;North-we;10459102;couple w;4;1;1;0;119877.7969;20083.58136;10459102;woman;48;full-tim;child. w;inapplicable;Referenc;10459101;married;25;2;12;45.9192;Switzerl;inapplic;inapplic;inapplic;since bi;german
2003;104671;North-we;10467101;couple w;4;0;2;0;239065;40404.36176;10467101;man;59;compulso;full-tim;inapplicable;Referenc;10467102;married;26;3;9;66.181275;Switzerl;inapplic;inapplic;inapplic;since bi;german
2003;104711;North-we;10471101;one pers;1;0;0;0;33846.80078;6370.579708;10471101;woman;38;bachelor;part-tim;inapplicable;Referenc;inapplicable;single.;0;0;13;42.618667;Switzerl;inapplic;inapplic;inapplic;1965;german
2003;104861;North-we;10486102;couple w;5;3;0;0;69995.65625;12926.38358;10486102;woman;40;apprenti;child. w;inapplicable;Referenc;10486101;married;15;3;12;49.552032;Switzerl;inapplic;inapplic;inapplic;1963;german
2003;104871;North-we;10487101;one pers;1;0;0;0;37928.80469;7529.482041;10487101;man;71;vocation;retired;44400;Referenc;inapplicable;divorced;0;2;14;43.308356;Switzerl;inapplic;inapplic;inapplic;since bi;german
2003;104951;North-we;10495102;couple w;3;1;0;0;93143.39844;12789.14736;10495102;woman;35;universi;part-tim;inapplicable;Referenc;10495101;married;13;2;18;22.695696;Germany;inapplic;inapplic;resident;1992;german
2003;105201;North-we;10520101;couple w;3;1;0;0;87794.20313;15296.8539;10520101;woman;46;apprenti;part-tim;inapplicable;Referenc;10520102;married;10;3;12;49.42992;Switzerl;inapplic;inapplic;inapplic;since bi;german
2003;105511;North-we;10551102;couple w;4;2;0;0;76516.77344;12087.92173;10551102;woman;36;apprenti;child. w;inapplicable;Referenc;10551101;married;12;2;12;47.389632;Switzerl;Germany;inapplic;inapplic;1979;german
2003;105521;North-we;10552102;couple w;5;3;0;0;46714.16406;8474.26625;10552102;woman;35;apprenti;child. w;inapplicable;Referenc;10552101;married;15;3;12;51.74496;Switzerl;inapplic;inapplic;inapplic;since bi;german
2003;105591;North-we;10559101;couple w;3;1;0;0;44428.48438;9482.147141;10559101;woman;29;compulso;part-tim;inapplicable;Referenc;10559102;married;10;2;9;66.902667;Albania;inapplic;inapplic;resident;1988;german
2003;105651;North-we;10565102;couple w;4;2;0;0;82029.3125;11986.21193;10565102;woman;41;apprenti;part-tim;inapplicable;Referenc;10565101;married;17;2;12;48.244416;Switzerl;inapplic;inapplic;inapplic;since bi;german
2003;105661;North-we;10566103;other ho;8;2;3;1;129383.0391;18268.14277;10566103;woman;56;apprenti;child. w;inapplicable;Referenc;10566102;married;27;6;12;54.044736;Switzerl;inapplic;inapplic;inapplic;since bi;german
2003;105731;North-we;10573102;one pers;1;0;0;0;27205.80469;5407.528624;10573102;woman;72;general;retired;31200;Referenc;inapplicable;widower/;0;1;10;54.55093;Switzerl;inapplic;inapplic;inapplic;1951;german
2003;105751;North-we;10575101;couple w;4;2;0;0;96493.60156;14791.79083;10575101;man;51;apprenti;full-tim;inapplicable;Referenc;10575102;married;17;2;12;47.883168;Switzerl;inapplic;inapplic;inapplic;since bi;german
2003;105861;North-we;10586102;couple w;4;2;0;0;132085.5938;22071.72066;10586102;woman;36;apprenti;child. w;inapplicable;Referenc;10586101;married;15;2;12;51.23616;Switzerl;France a;inapplic;inapplic;since bi;german
2003;106091;North-we;10609102;couple w;4;2;0;0;118596.7969;23846.73698;10609102;woman;35;universi;part-tim;inapplicable;Referenc;10609101;married;9;2;18;24.191592;Switzerl;United K;inapplic;inapplic;1968;german
2003;106111;Middlela;10611101;couple w;2;0;0;0;100627.3984;17363.72965;10611101;woman;30;vocation;full-tim;inapplicable;Referenc;10611102;married;8;2;16;35.036996;Switzerl;inapplic;inapplic;inapplic;since bi;german
2003;106121;North-we;10612102;couple w;2;0;0;0;163036.5938;29577.75367;10612102;woman;56;apprenti;child. w;60000;Referenc;10612101;married;10;0;12;52.894848;Switzerl;inapplic;inapplic;inapplic;since bi;german
2003;106411;North-we;10641101;couple w;5;3;0;0;44130.44531;7514.344179;10641101;woman;31;apprenti;child. w;inapplicable;Referenc;10641102;married;11;4;12;48.346176;Switzerl;inapplic;inapplic;inapplic;since bi;german
2003;106501;North-we;10650101;lone par;3;0;2;0;45525.24609;7048.0607;10650101;woman;49;apprenti;part-tim;inapplicable;Referenc;inapplicable;divorced;20;2;12;50.834208;United K;Switzerl;inapplic;no answe;1986;german
2003;106541;North-we;10654101;one pers;1;0;0;0;108999.6016;18178.08916;10654101;man;50;universi;full-tim;inapplicable;Referenc;inapplicable;divorced;0;1;18;21.578538;Switzerl;inapplic;inapplic;inapplic;since bi;german
2003;106611;North-we;10661101;couple w;2;0;0;0;75556;13884.76877;10661101;man;26;apprenti;full-tim;inapplicable;Referenc;10661102;divorced;5;0;12;53.790336;Switzerl;inapplic;inapplic;inapplic;since bi;german
2003;106721;North-we;10672102;couple w;4;1;1;0;119107.7969;19872.72083;10672102;woman;48;bachelor;part-tim;inapplicable;Referenc;10672101;married;23;2;13;48.554027;Switzerl;inapplic;inapplic;inapplic;since bi;german
2003;106791;North-we;10679101;one pers;1;0;0;0;62678.60156;11694.70226;10679101;man;67;vocation;retired;76320;Referenc;inapplicable;single.;0;0;16;31.523116;Switzerl;inapplic;inapplic;inapplic;since bi;german
2003;106891;North-we;10689102;couple w;2;0;0;0;114914.6016;20553.3937;10689102;man;51;vocation;full-tim;inapplicable;Referenc;10689101;married;27;0;16;30.186528;Switzerl;inapplic;inapplic;inapplic;since bi;german
2003;107011;North-we;10701101;couple w;4;1;1;0;83207.60156;12818.91647;10701101;man;54;PhD;part-tim;inapplicable;Referenc;10701102;married;14;1;21;9.316566;Switzerl;inapplic;inapplic;inapplic;since bi;german
2003;107151;North-we;10715102;couple w;2;0;0;0;68661.20313;11858.7431;10715102;woman;52;apprenti;part-tim;inapplicable;Referenc;10715101;married;24;0;12;48.788832;Finland;inapplic;inapplic;resident;1971;german
2003;107201;North-we;10720101;couple w;4;2;0;0;94106.79688;18728.98686;10720101;man;47;apprenti;full-tim;inapplicable;Referenc;10720102;married;20;2;12;53.825952;Switzerl;inapplic;inapplic;inapplic;since bi;german
2003;107361;North-we;10736101;couple w;2;0;0;0;27825.52734;5457.536459;10736101;woman;61;apprenti;part-tim;inapplicable;Referenc;10736102;married;30;0;12;55.108128;Switzerl;inapplic;inapplic;inapplic;since bi;german
2003;107371;North-we;10737101;couple w;2;0;0;0;60826.72656;12569.64194;10737101;man;63;apprenti;retired;72000;Referenc;10737102;married;29;1;12;54.334752;Switzerl;inapplic;inapplic;inapplic;1960;german
2003;107391;North-we;10739102;couple w;2;0;0;0;65807.72656;10627.64997;10739102;woman;62;compulso;child. w;inapplicable;Referenc;10739101;married;40;3;9;62.142768;Switzerl;inapplic;inapplic;inapplic;since bi;french
2003;107471;North-we;10747102;couple w;4;2;0;0;98439.875;18197.61283;10747102;woman;38;apprenti;part-tim;inapplicable;Referenc;10747101;divorced;13;2;12;53.744544;Switzerl;inapplic;inapplic;inapplic;1993;german
2003;107521;North-we;10752101;one pers;1;0;0;0;47490.60156;7991.442414;10752101;woman;44;domestic;part-tim;inapplicable;Referenc;inapplicable;single.;0;0;10;59.55258;Switzerl;inapplic;inapplic;inapplic;since bi;german
2003;107531;North-we;10753101;couple w;2;0;0;0;87743.60156;15586.39499;10753101;woman;56;vocation;part-tim;inapplicable;Referenc;10753102;married;29;2;16;31.142172;Switzerl;inapplic;inapplic;inapplic;since bi;german
2003;107541;North-we;10754101;one pers;1;0;0;0;29822.80078;6725.124395;10754101;woman;43;bachelor;part-tim;inapplicable;Referenc;inapplicable;single.;0;0;13;48.526205;Switzerl;inapplic;inapplic;inapplic;since bi;german
2003;107641;North-we;10764101;couple w;4;2;0;0;74826.79688;10748.83742;10764101;man;44;PhD;part-tim;inapplicable;Referenc;10764102;married;14;2;21;10.704687;Switzerl;inapplic;inapplic;inapplic;since bi;german
2003;107651;North-we;10765101;couple w;2;0;0;0;86668.60156;16347.72708;10765101;man;57;vocation;full-tim;inapplicable;Referenc;10765102;married;33;2;16;31.835096;Switzerl;inapplic;inapplic;inapplic;since bi;german
2003;107652;North-we;10765104;one pers;1;0;0;0;47395.80078;7500.112115;10765104;woman;28;vocation;full-tim;inapplicable;Referenc;inapplicable;single.;0;0;16;35.00744;Switzerl;inapplic;inapplic;inapplic;since bi;german
2003;107851;North-we;10785102;couple w;5;2;1;0;147815.4063;23797.55892;10785102;woman;51;universi;child. w;inapplicable;Referenc;10785101;married;27;3;18;24.110604;Switzerl;Germany;inapplic;inapplic;does not;german
2003;107911;North-we;10791101;lone par;3;0;2;0;108852;16615.2039;10791101;woman;42;vocation;full-tim;inapplicable;Referenc;inapplicable;divorced;19;3;16;31.677464;Switzerl;inapplic;inapplic;inapplic;since bi;german
2003;107931;North-we;10793102;couple w;5;2;1;0;100716.2031;17799.1762;10793102;woman;46;bachelor;part-tim;inapplicable;Referenc;10793101;married;24;3;13;50.612855;Switzerl;inapplic;inapplic;inapplic;since bi;german
2003;107941;North-we;10794102;couple w;2;0;0;0;64261.72656;10027.33161;10794102;woman;67;universi;retired;25200;Referenc;10794101;married;42;3;18;26.044788;Switzerl;inapplic;inapplic;inapplic;since bi;german
2003;107981;North-we;10798102;couple w;4;0;2;0;153237.7969;26171.30952;10798102;woman;45;apprenti;part-tim;inapplicable;Referenc;10798101;married;29;2;12;46.026048;Switzerl;inapplic;inapplic;inapplic;since bi;german
2003;108081;North-we;10808101;couple w;4;2;0;0;117883.7969;15940.76566;10808101;man;41;vocation;full-tim;inapplicable;Referenc;10808102;married;19;2;16;31.966456;Switzerl;inapplic;inapplic;inapplic;since bi;german
2003;108151;North-we;10815101;one pers;1;0;0;0;40183.80078;8723.61102;10815101;woman;66;apprenti;retired;45240;Referenc;inapplicable;divorced;0;1;12;47.130144;Switzerl;inapplic;inapplic;inapplic;1965;french
2003;108161;North-we;10816101;couple w;2;0;0;0;132985.2031;21208.30614;10816101;man;70;universi;retired;148800;Referenc;10816102;married;44;3;18;25.02291;Switzerl;inapplic;inapplic;inapplic;since bi;german
2003;108201;North-we;10820101;couple w;3;1;0;0;116785.2031;16744.599;10820101;woman;38;vocation;part-tim;inapplicable;Referenc;10820102;married;7;2;16;30.242356;Switzerl;inapplic;inapplic;inapplic;since bi;german
2003;108471;Zurich;10847101;one pers;1;0;0;0;31428.19531;6280.50302;10847101;woman;65;apprenti;retired;34800;Referenc;inapplicable;divorced;0;2;12;50.01504;Switzerl;inapplic;inapplic;inapplic;since bi;german
2003;108631;Zurich;10863101;couple w;2;0;0;0;90443.79688;13704.21844;10863101;woman;63;full-tim;child. w;43200;Referenc;10863102;married;30;0;12;46.204128;Switzerl;inapplic;inapplic;inapplic;since bi;german
2003;108671;Zurich;10867102;couple w;2;0;0;0;103717.7969;19389.52195;10867102;woman;29;technica;full-tim;inapplicable;Referenc;10867101;single.;4;1;16;35.201196;Switzerl;Italy;inapplic;inapplic;since bi;german
2003;109131;Zurich;10913102;couple w;5;3;0;0;167489.7969;24134.54267;10913102;woman;44;domestic;part-tim;inapplicable;Referenc;10913101;married;18;3;10;61.37953;Switzerl;inapplic;inapplic;inapplic;since bi;german
2003;109221;Zurich;10922101;one pers;1;0;0;0;19944.19531;3507.088422;10922101;man;30;bachelor;in schoo;inapplicable;Referenc;inapplicable;single.;0;0;13;43.610985;Switzerl;inapplic;inapplic;inapplic;1973;german
2003;109491;Zurich;10949102;couple w;4;2;0;0;101779.7969;18809.284;10949102;woman;41;bachelor;part-tim;inapplicable;Referenc;10949101;married;18;2;13;45.002085;Switzerl;inapplic;inapplic;inapplic;since bi;german
2003;109521;Zurich;10952101;couple w;2;0;0;0;275258.8125;52040.84511;10952101;man;63;apprenti;other re;27600;Referenc;10952102;married;38;2;12;50.595072;Switzerl;inapplic;inapplic;inapplic;since bi;german
2003;109671;Zurich;10967102;couple w;2;0;0;0;35278.35938;6289.719198;10967102;woman;66;domestic;retired;19200;Referenc;10967101;married;44;4;10;59.97188;Switzerl;inapplic;inapplic;inapplic;since bi;german
2003;109691;Zurich;10969101;one pers;1;0;0;0;62278.39844;11427.2475;10969101;man;44;vocation;full-tim;inapplicable;Referenc;inapplicable;single.;0;0;16;34.899068;Switzerl;inapplic;inapplic;inapplic;since bi;german
2003;109831;Zurich;10983102;couple w;2;0;0;0;109675.7969;21868.24233;10983102;woman;39;vocation;full-tim;inapplicable;Referenc;10983101;single.;14;0;16;30.77108;Switzerl;inapplic;inapplic;inapplic;since bi;german
2003;109861;Zurich;10986101;one pers;1;0;0;0;72605.39844;10822.74573;10986101;woman;66;compulso;part-tim;60400;Referenc;inapplicable;divorced;0;3;9;60.667779;Switzerl;inapplic;inapplic;inapplic;since bi;german
2003;109891;Zurich;10989101;couple w;3;1;0;0;82664.79688;15575.02714;10989101;woman;52;bachelor;full-tim;inapplicable;Referenc;10989102;married;15;1;13;45.507518;Switzerl;inapplic;inapplic;inapplic;since bi;german
2003;110111;Zurich;11011102;couple w;4;2;0;0;116608.7969;17270.99823;11011102;man;33;vocation;full-tim;inapplicable;Referenc;11011101;married;8;2;16;35.411372;Switzerl;inapplic;inapplic;inapplic;1980;german
2003;110201;Zurich;11020101;couple w;3;1;0;0;64995.80078;13670.07429;11020101;man;48;universi;full-tim;inapplicable;Referenc;11020102;married;18;1;18;22.957716;Switzerl;inapplic;inapplic;inapplic;since bi;german
2003;110281;Zurich;11028101;couple w;4;2;0;0;106153.7969;15060.31032;11028101;man;49;vocation;full-tim;inapplicable;Referenc;11028102;married;26;2;16;36.012344;Switzerl;inapplic;inapplic;inapplic;since bi;german
2003;110291;Zurich;11029101;couple w;2;0;0;0;123052.7969;23208.30041;11029101;man;65;vocation;full-tim;25200;Referenc;11029102;married;35;0;16;30.928712;Switzerl;inapplic;inapplic;inapplic;1963;german
2003;110471;Zurich;11047102;couple w;2;0;0;0;103982.7969;18998.84301;11047102;woman;80;apprenti;retired;18960;Referenc;11047101;married;56;2;12;46.3008;Switzerl;inapplic;inapplic;inapplic;since bi;german
2003;110621;Zurich;11062101;couple w;2;0;0;0;81892.79688;15733.13667;11062101;woman;72;apprenti;retired;18480;Referenc;11062102;married;38;0;12;51.419328;Switzerl;inapplic;inapplic;inapplic;since bi;german
2003;110881;Zurich;11088102;couple w;4;0;2;0;141777.4063;26090.71852;11088102;woman;53;apprenti;part-tim;inapplicable;Referenc;11088101;married;29;3;12;50.020128;Switzerl;inapplic;inapplic;inapplic;since bi;german
2003;110941;Zurich;11094101;couple w;4;2;0;0;70479.92188;10150.44791;11094101;woman;33;apprenti;child. w;inapplicable;Referenc;11094102;married;6;2;12;46.000608;Switzerl;inapplic;inapplic;inapplic;since bi;german
2003;110991;Zurich;11099102;couple w;3;0;1;0;177221.7969;26936.59533;11099102;woman;49;bachelor;part-tim;inapplicable;Referenc;11099101;married;23;2;13;43.161196;Switzerl;inapplic;inapplic;inapplic;since bi;german
2003;111191;Zurich;11119102;couple w;2;0;0;0;130051.7969;22698.06563;11119102;woman;45;universi;part-tim;inapplicable;Referenc;11119101;single.;14;0;18;22.43844;Liechten;inapplic;inapplic;resident;since bi;german
2003;111321;Zurich;11132101;couple w;4;2;0;0;78667.79688;12459.13916;11132101;woman;34;bachelor;part-tim;inapplicable;Referenc;11132102;single.;11;2;13;43.369861;Switzerl;inapplic;inapplic;inapplic;since bi;german
2003;111361;Zurich;11136101;couple w;4;2;0;0;158933.7969;27497.15557;11136101;man;42;PhD;full-tim;inapplicable;Referenc;11136102;married;10;2;21;11.188317;Switzerl;inapplic;inapplic;inapplic;since bi;german
2003;111501;Zurich;11150102;couple w;5;3;0;0;62722.05469;10998.00795;11150102;woman;42;compulso;part-tim;inapplicable;Referenc;11150101;married;16;3;9;59.315169;Switzerl;inapplic;inapplic;inapplic;since bi;german
2003;111611;Zurich;11161102;couple w;4;2;0;0;89685.79688;15761.1002;11161102;woman;43;apprenti;child. w;inapplicable;Referenc;11161101;married;10;2;12;50.661216;Switzerl;inapplic;inapplic;inapplic;since bi;german
2003;111621;Zurich;11162101;lone par;2;1;0;0;22256.22656;4558.259652;11162101;woman;41;compulso;part-tim;inapplicable;Referenc;inapplicable;divorced;9;1;9;65.073423;Switzerl;inapplic;inapplic;inapplic;since bi;german
2003;111631;Zurich;11163101;couple w;5;2;1;0;125010.7969;24332.60149;11163101;man;47;vocation;full-tim;inapplicable;Referenc;11163102;married;22;3;16;34.363776;Switzerl;inapplic;inapplic;inapplic;since bi;german
2003;111801;Zurich;11180102;couple w;2;0;0;0;91943.79688;17668.59904;11180102;woman;46;domestic;part-tim;inapplicable;Referenc;11180101;married;19;0;10;63.76954;Switzerl;inapplic;inapplic;inapplic;1957;german
2003;111831;Zurich;11183102;couple w;2;0;0;0;203732.7969;40047.91902;11183102;woman;54;apprenti;full-tim;inapplicable;Referenc;11183101;married;33;2;12;52.345344;Switzerl;inapplic;inapplic;inapplic;since bi;german
2003;111891;Zurich;11189101;lone par;4;3;0;0;22016.28906;4892.555441;11189101;woman;47;apprenti;part-tim;inapplicable;Referenc;inapplicable;married;15;3;12;47.679648;Switzerl;inapplic;inapplic;inapplic;1984;german
2003;112831;Lake Gen;11283102;one pers;1;0;0;0;23471.75195;4502.488759;11283102;woman;73;apprenti;retired;24060;Referenc;inapplicable;widower/;0;2;12;49.7352;Switzerl;inapplic;inapplic;inapplic;since bi;french
2003;112941;Lake Gen;11294102;couple w;4;2;0;0;69075.60156;14440.82173;11294102;woman;38;full-tim;part-tim;inapplicable;Referenc;11294101;married;11;2;12;47.771232;Switzerl;Canada;inapplic;inapplic;1992;french
2003;112951;Lake Gen;11295101;couple w;3;0;1;0;176520.5938;28564.85056;11295101;woman;55;PhD;part-tim;inapplicable;Referenc;11295102;married;32;2;21;10.110954;Switzerl;inapplic;inapplic;inapplic;since bi;french
2003;112952;Lake Gen;11295103;one pers;1;0;0;0;38378.39844;8358.720514;11295103;woman;21;domestic;full-tim;inapplicable;Referenc;inapplicable;single.;0;0;10;56.27605;Switzerl;inapplic;inapplic;inapplic;since bi;french
2003;113071;Lake Gen;11307102;couple w;5;3;0;0;101202;17099.48147;11307102;woman;41;vocation;part-tim;inapplicable;Referenc;11307101;married;16;3;16;33.930288;Switzerl;inapplic;inapplic;inapplic;since bi;french
2003;113181;Lake Gen;11318102;couple w;4;0;2;0;54500;8452.512;11318102;woman;55;technica;full-tim;inapplicable;Referenc;11318101;married;30;2;16;31.697168;Switzerl;inapplic;inapplic;inapplic;since bi;french
2003;113741;Lake Gen;11374101;one pers;1;0;0;0;56639.60156;9730.279153;11374101;man;66;apprenti;full-tim;24000;Referenc;inapplicable;divorced;0;2;12;46.24992;Switzerl;inapplic;inapplic;inapplic;since bi;french
2003;113901;Lake Gen;11390101;couple w;4;0;2;0;87035.70313;17191.43566;11390101;woman;52;bachelor;part-tim;inapplicable;Referenc;11390102;married;25;2;13;49.606626;Switzerl;8401;inapplic;inapplic;1975;french
2003;114201;Lake Gen;11420102;couple w;3;0;1;0;77340.60156;12473.0552;11420102;woman;55;compulso;child. w;inapplicable;Referenc;11420101;married;27;2;9;67.675587;Spain an;inapplic;inapplic;resident;1964;french
2003;114481;Lake Gen;11448101;couple w;4;0;2;0;98714;16767.36922;11448101;woman;53;full-tim;part-tim;inapplicable;Referenc;11448102;married;27;2;12;47.125056;Switzerl;8545;inapplic;inapplic;1964;french
2003;114531;Lake Gen;11453102;couple w;4;0;2;0;137519;18627.86179;11453102;woman;54;bachelor;child. w;inapplicable;Referenc;11453101;married;30;3;13;47.649812;Switzerl;inapplic;inapplic;inapplic;1980;german
2003;114541;Lake Gen;11454105;couple w;3;0;1;0;163130.5938;25713.32918;11454105;woman;53;bachelor;full-tim;inapplicable;Referenc;11454104;married;31;3;13;42.757777;Philippi;inapplic;inapplic;Diplomat;1983;french
2003;114571;Lake Gen;11457101;one pers;1;0;0;0;57204.03125;9502.87572;11457101;woman;57;universi;part-tim;inapplicable;Referenc;inapplicable;divorced;0;1;18;23.441262;Switzerl;inapplic;inapplic;inapplic;since bi;french
2003;114691;Lake Gen;11469101;couple w;3;0;1;0;168268.5938;29877.58326;11469101;man;50;apprenti;full-tim;inapplicable;Referenc;11469102;married;27;1;12;54.019296;Switzerl;inapplic;inapplic;inapplic;1988;french
2003;114791;Lake Gen;11479101;one pers;1;0;0;0;57158.60156;8311.092224;11479101;woman;38;universi;full-tim;inapplicable;Referenc;inapplicable;divorced;0;2;18;26.080518;Switzerl;United K;inapplic;inapplic;1985;french
2003;114841;Lake Gen;11484102;couple w;3;1;0;0;44656.89844;7060.175931;11484102;woman;28;apprenti;part-tim;inapplicable;Referenc;11484101;married;0;2;12;50.895264;Switzerl;inapplic;inapplic;inapplic;since bi;french
2003;114971;Lake Gen;11497101;couple w;3;1;0;0;120244.3984;16948.22548;11497101;woman;38;universi;part-tim;inapplicable;Referenc;11497102;single.;0;2;18;24.48696;Switzerl;France a;inapplic;inapplic;1995;french
2003;115061;Lake Gen;11506101;couple w;3;1;0;0;133020.5938;18071.75225;11506101;woman;52;vocation;full-tim;inapplicable;Referenc;11506102;married;27;1;16;32.189768;Switzerl;inapplic;inapplic;inapplic;1978;french
2003;115211;Lake Gen;11521102;couple w;4;2;0;0;92867;13527.48816;11521102;woman;47;vocation;child. w;inapplicable;Referenc;11521101;married;26;2;16;34.928624;Switzerl;inapplic;inapplic;inapplic;since bi;french
2003;115221;Lake Gen;11522101;couple w;4;2;0;0;105732.2031;19518.94593;11522101;man;40;universi;part-tim;inapplicable;Referenc;11522102;married;16;2;18;24.096312;Switzerl;inapplic;inapplic;inapplic;since bi;french
2003;115262;Lake Gen;11526103;couple w;2;0;0;0;37591.96484;7696.544612;11526103;man;26;bachelor;full-tim;inapplicable;Referenc;11526201;married;0;2;13;43.661992;Switzerl;Italy;inapplic;inapplic;1977;french
2003;115311;Lake Gen;11531101;one pers;1;0;0;0;56762.60156;11513.66256;11531101;woman;53;apprenti;full-tim;inapplicable;Referenc;inapplicable;single.;0;0;12;46.78416;Switzerl;inapplic;inapplic;inapplic;since bi;french
2003;115321;Lake Gen;11532101;one pers;1;0;0;0;64645.80078;10946.31164;11532101;woman;66;universi;retired;73200;Referenc;inapplicable;single.;0;0;18;24.298782;Switzerl;inapplic;inapplic;inapplic;1937;french
2003;115501;Lake Gen;11550101;couple w;2;0;0;0;53376.19922;8294.242816;11550101;man;62;vocation;other re;15980;Referenc;11550102;married;39;2;16;35.871132;Germany;inapplic;inapplic;resident;1966;french
2003;115541;Lake Gen;11554101;one pers;1;0;0;0;32226.60156;5900.15599;11554101;man;75;domestic;retired;62400;Referenc;inapplicable;separate;0;3;10;65.2311;Switzerl;inapplic;inapplic;inapplic;since bi;french
2003;115551;Lake Gen;11555102;couple w;4;2;0;0;35601.29297;6322.558532;11555102;woman;44;bachelor;child. w;inapplicable;Referenc;11555101;married;15;2;13;46.736323;8327;Switzerl;inapplic;other;1996;french
2003;115561;Lake Gen;11556101;one pers;1;0;0;0;24671.75195;4621.936107;11556101;woman;31;apprenti;part-tim;inapplicable;Referenc;inapplicable;single.;0;0;12;54.054912;Switzerl;France a;inapplic;inapplic;since bi;french
2003;115581;Lake Gen;11558101;one pers;1;0;0;0;38232.78906;7382.00781;11558101;woman;59;elementa;part-tim;inapplicable;Referenc;inapplicable;single.;0;0;10;56.70733;Switzerl;inapplic;inapplic;inapplic;since bi;french
2003;115811;Lake Gen;11581101;couple w;5;3;0;0;113335.3984;20748.54496;11581101;man;43;universi;full-tim;inapplicable;Referenc;11581102;married;16;3;18;23.27214;Germany;inapplic;inapplic;resident;1979;french
2003;115861;Lake Gen;11586102;lone par;2;1;0;0;96203;19431.64579;11586102;woman;39;universi;part-tim;inapplicable;Referenc;inapplicable;married;0;1;18;24.375006;Switzerl;inapplic;inapplic;inapplic;since bi;french
2003;115862;Lake Gen;11586101;one pers;1;0;0;0;48068.60156;7022.30881;11586101;man;39;universi;full-tim;inapplicable;Referenc;inapplicable;separate;0;1;18;22.066848;France a;inapplic;inapplic;annual p;2000;french
2003;115971;Lake Gen;11597101;couple w;2;0;0;0;165136.5938;23807.65452;11597101;woman;61;universi;part-tim;4780;Referenc;11597102;married;39;2;18;21.64047;Switzerl;United K;inapplic;inapplic;1964;french
2003;116051;Lake Gen;11605102;couple w;5;3;0;0;163956;32559.72698;11605102;woman;39;compulso;part-tim;80000;Referenc;11605101;married;19;3;9;65.975163;Switzerl;inapplic;inapplic;inapplic;since bi;french
2003;116061;Lake Gen;11606102;couple w;4;2;0;0;117510;16771.9552;11606102;woman;35;domestic;full-tim;60000;Referenc;11606101;married;11;2;10;62.49966;Italy;inapplic;inapplic;resident;1992;french
2003;116081;Lake Gen;11608102;couple w;2;0;0;0;102481.2031;15281.51821;11608102;woman;57;apprenti;part-tim;inapplicable;Referenc;11608101;married;32;2;12;50.635776;Switzerl;inapplic;inapplic;inapplic;since bi;french
2003;116091;Lake Gen;11609101;other ho;2;0;0;0;48921.72656;7953.556101;11609101;woman;60;bachelor;part-tim;inapplicable;Referenc;inapplicable;single.;0;1;13;45.586347;Switzerl;inapplic;inapplic;inapplic;1943;french
2003;116281;Lake Gen;11628102;couple w;4;2;0;0;71758.70313;10961.15889;11628102;woman;32;apprenti;part-tim;inapplicable;Referenc;11628101;married;9;2;12;51.724608;Switzerl;inapplic;inapplic;inapplic;since bi;french
2003;116361;Lake Gen;11636101;couple w;4;2;0;0;83078.20313;14289.654;11636101;man;37;vocation;full-tim;inapplicable;Referenc;11636102;married;7;3;14;43.392076;Switzerl;inapplic;inapplic;inapplic;since bi;french
2003;116441;Lake Gen;11644102;couple w;4;2;0;0;77156.60156;13860.17542;11644102;woman;28;bachelor;part-tim;inapplicable;Referenc;11644101;married;5;4;13;43.610985;Switzerl;inapplic;inapplic;inapplic;since bi;french
2003;116481;Lake Gen;11648101;lone par;2;1;0;0;46349.29688;8234.104331;11648101;woman;32;apprenti;part-tim;inapplicable;Referenc;inapplicable;divorced;8;1;12;47.949312;Switzerl;inapplic;inapplic;inapplic;since bi;french
2003;116491;Lake Gen;11649101;couple w;4;2;0;0;99624;17237.98118;11649101;man;46;universi;part-tim;inapplicable;Referenc;11649102;married;23;2;18;22.552776;Switzerl;inapplic;inapplic;inapplic;since bi;french
2003;117031;Lake Gen;11703101;couple w;2;0;0;0;101744.2031;14469.49531;11703101;man;42;vocation;full-tim;inapplicable;Referenc;11703102;married;18;0;16;32.991064;Switzerl;inapplic;inapplic;inapplic;since bi;italian
2003;117121;Lake Gen;11712101;couple w;4;1;1;0;62030.50391;9002.101635;11712101;woman;50;apprenti;child. w;inapplicable;Referenc;11712102;married;28;2;12;52.518336;Switzerl;inapplic;inapplic;inapplic;since bi;french
2003;117291;Lake Gen;11729101;couple w;3;0;1;0;64975.24219;10354.44081;11729101;woman;62;full-tim;work in;inapplicable;Referenc;11729102;married;29;3;12;52.294464;Switzerl;inapplic;inapplic;inapplic;since bi;french
2003;117301;Lake Gen;11730102;couple w;3;0;1;0;139352.5938;24456.57648;11730102;woman;52;bachelor;part-tim;inapplicable;Referenc;11730101;married;27;1;13;44.941804;Switzerl;inapplic;inapplic;inapplic;since bi;french
2003;117531;Lake Gen;11753102;couple w;4;2;0;0;69219;14304.09238;11753102;woman;46;apprenti;child. w;inapplicable;Referenc;11753101;married;25;2;12;52.706592;Switzerl;inapplic;inapplic;inapplic;since bi;french
2003;117691;Lake Gen;11769101;one pers;1;0;0;0;42854.60156;8139.578755;11769101;woman;28;apprenti;full-tim;inapplicable;Referenc;inapplicable;single.;0;0;12;50.986848;Switzerl;inapplic;inapplic;inapplic;since bi;french
2003;117761;Lake Gen;11776102;couple w;4;2;0;0;148377;29470.66918;11776102;woman;36;compulso;child. w;inapplicable;Referenc;11776101;married;11;2;9;66.947754;Portugua;inapplic;inapplic;inapplic;1987;french
2003;117801;Lake Gen;11780102;couple w;4;2;0;0;78087.60156;15690.8421;11780102;woman;45;general;child. w;inapplicable;Referenc;11780101;married;27;2;10;55.71299;Switzerl;inapplic;inapplic;inapplic;since bi;french
2003;118052;Lake Gen;11805102;couple w;3;1;0;0;90757.60156;17001.94028;11805102;woman;31;bachelor;full-tim;inapplicable;Referenc;11805201;divorced;0;3;13;48.762692;Switzerl;inapplic;inapplic;inapplic;since bi;french
2003;118341;Lake Gen;11834102;couple w;4;0;2;0;256421;50004.15293;11834102;woman;54;universi;part-tim;inapplicable;Referenc;11834101;married;28;2;18;25.899486;Switzerl;Italy;inapplic;inapplic;since bi;french
2003;118571;Lake Gen;11857101;couple w;5;3;0;0;65637.39844;12293.32023;11857101;woman;32;elementa;part-tim;inapplicable;Referenc;11857102;married;10;4;10;57.15658;Switzerl;inapplic;inapplic;inapplic;1985;french
2003;118701;Lake Gen;11870102;couple w;2;0;0;0;52997.19922;8123.975957;11870102;woman;68;elementa;retired;18000;Referenc;11870101;married;42;4;10;58.11498;Switzerl;inapplic;inapplic;inapplic;since bi;french
2003;118741;Lake Gen;11874101;one pers;1;0;0;0;33737.12109;7228.391905;11874101;woman;74;elementa;retired;37200;Referenc;inapplicable;widower/;0;2;10;63.51197;Switzerl;inapplic;inapplic;inapplic;since bi;french
2003;119111;Lake Gen;11911101;couple w;3;1;0;0;56490.60156;10526.36717;11911101;woman;50;full-tim;other re;23040;Referenc;11911102;divorced;14;1;12;50.071008;Switzerl;inapplic;inapplic;inapplic;1992;french
2003;119471;Lake Gen;11947102;couple w;4;2;0;0;64950.9375;10754.1896;11947102;woman;35;apprenti;part-tim;inapplicable;Referenc;11947101;married;23;2;12;48.330912;Switzerl;inapplic;inapplic;inapplic;since bi;french
2003;119531;Lake Gen;11953101;couple w;2;0;0;0;71556.20313;14565.32123;11953101;man;48;vocation;full-tim;inapplicable;Referenc;11953102;married;28;2;16;31.473856;Switzerl;inapplic;inapplic;inapplic;since bi;french
2003;119831;Middlela;11983101;couple w;3;1;0;0;76058.60156;11589.0511;11983101;man;50;vocation;full-tim;inapplicable;Referenc;11983102;married;26;1;16;32.03542;Switzerl;France a;inapplic;inapplic;1974;french
2003;119851;Middlela;11985101;couple w;4;1;1;0;64832.28516;13600.03146;11985101;man;52;full-tim;full-tim;inapplicable;Referenc;11985102;married;27;3;12;51.429504;Italy;inapplic;inapplic;resident;1962;french
2003;119852;Middlela;11985103;one pers;1;0;0;0;24840.9668;5467.035602;11985103;woman;25;bachelor;in schoo;inapplicable;Referenc;inapplicable;single.;0;0;13;50.853979;Switzerl;Italy;inapplic;inapplic;1978;french
2003;120011;Middlela;12001102;couple w;5;3;0;0;89655.79688;12671.84113;12001102;woman;36;bachelor;child. w;inapplicable;Referenc;12001101;married;16;3;13;49.29131;Switzerl;France a;inapplic;inapplic;since bi;french
2003;120351;Middlela;12035101;couple w;5;3;0;0;50772.84766;8233.186837;12035101;man;45;vocation;full-tim;inapplicable;Referenc;12035102;married;18;3;14;43.961372;Switzerl;inapplic;inapplic;inapplic;since bi;french
2003;120421;Lake Gen;12042102;lone par;2;0;1;0;117211.2031;21136.55797;12042102;woman;61;vocation;part-tim;inapplicable;Referenc;inapplicable;widower/;0;3;14;38.193064;Switzerl;inapplic;inapplic;inapplic;since bi;french
2003;120481;Middlela;12048101;couple w;5;0;3;0;104132.2031;17671.74919;12048101;woman;46;universi;part-tim;inapplicable;Referenc;12048102;married;23;3;18;25.775622;Switzerl;inapplic;inapplic;inapplic;1984;french
2003;120532;Lake Gen;12053103;one pers;1;0;0;0;58371.80078;9700.507759;12053103;man;28;universi;full-tim;inapplicable;Referenc;inapplicable;single.;0;0;18;24.341658;Switzerl;inapplic;inapplic;inapplic;since bi;french
2003;120601;Middlela;12060102;couple w;2;0;0;0;127775;17798.52;12060102;woman;56;universi;part-tim;inapplicable;Referenc;12060101;married;34;2;18;22.871964;Switzerl;inapplic;inapplic;inapplic;since bi;french
2003;120671;Lake Gen;12067102;couple w;4;2;0;0;80718;11237.65709;12067102;woman;37;bachelor;part-tim;inapplicable;Referenc;12067101;married;17;2;13;44.116418;Switzerl;inapplic;inapplic;inapplic;1966;french
2003;120901;Middlela;12090102;couple w;2;0;0;0;83003;13572.16819;12090102;woman;56;compulso;child. w;33600;Referenc;12090101;married;34;2;9;63.115359;Switzerl;inapplic;inapplic;inapplic;since bi;french
2003;120921;Lake Gen;12092102;couple w;4;2;0;0;74009;13555.42406;12092102;woman;38;PhD;part-tim;45000;Referenc;12092101;married;12;2;21;9.53883;Germany;inapplic;inapplic;resident;1991;french
2003;120951;Middlela;12095102;couple w;4;2;0;0;71612.20313;10003.73586;12095102;woman;30;technica;part-tim;inapplicable;Referenc;12095101;married;5;2;16;34.081352;France a;inapplic;inapplic;resident;1989;french
2003;120961;Middlela;12096102;couple w;4;2;0;0;57008.03906;10833.8248;12096102;woman;50;elementa;child. w;inapplicable;Referenc;12096101;married;28;4;10;54.85043;Switzerl;inapplic;inapplic;inapplic;since bi;french
2003;120963;Lake Gen;12096104;one pers;1;0;0;0;31486.40039;5991.9366;12096104;woman;21;bachelor;full-tim;inapplicable;Referenc;inapplicable;single.;0;0;13;50.585033;Switzerl;inapplic;inapplic;inapplic;1982;french
2003;120991;Middlela;12099101;couple w;2;0;0;0;69606.20313;12884.63124;12099101;man;78;universi;retired;72000;Referenc;12099102;married;46;2;18;24.98718;Switzerl;inapplic;inapplic;inapplic;1946;french
2003;121161;Middlela;12116101;lone par;2;1;0;0;53357.60156;8987.872594;12116101;woman;37;apprenti;full-tim;inapplicable;Referenc;inapplicable;single.;7;1;12;48.203712;Switzerl;France a;inapplic;inapplic;since bi;french
2003;121241;Middlela;12124102;couple w;4;2;0;0;49572.99219;10432.20078;12124102;woman;34;compulso;part-tim;inapplicable;Referenc;12124101;married;15;2;9;64.203888;Switzerl;inapplic;inapplic;inapplic;1969;french
2003;121271;Middlela;12127101;couple w;4;2;0;0;113580.2031;21347.0317;12127101;man;49;apprenti;full-tim;inapplicable;Referenc;12127102;married;21;2;12;46.728192;Switzerl;inapplic;inapplic;inapplic;since bi;french
2003;121281;Middlela;12128102;couple w;3;1;0;0;61808.39844;10952.50194;12128102;woman;51;full-tim;part-tim;inapplicable;Referenc;12128101;married;24;1;12;48.890592;Switzerl;inapplic;inapplic;inapplic;since bi;french
2003;121371;Middlela;12137101;one pers;1;0;0;0;44875;8836.036;12137101;woman;48;vocation;full-tim;inapplicable;Referenc;inapplicable;single.;0;0;16;30.495224;Switzerl;inapplic;inapplic;inapplic;since bi;french
2003;121471;Middlela;12147102;couple w;2;0;0;0;52775.19922;8034.982319;12147102;woman;74;full-tim;retired;20400;Referenc;12147101;married;46;3;12;52.650624;Switzerl;inapplic;inapplic;inapplic;since bi;french
2003;121611;Middlela;12161102;couple w;2;0;0;0;57791;12136.02566;12161102;woman;67;elementa;retired;18000;Referenc;12161101;married;44;2;10;60.06772;Switzerl;inapplic;inapplic;inapplic;since bi;french
2003;121631;Middlela;12163102;couple w;4;2;0;0;121159.6016;17527.48407;12163102;woman;32;elementa;child. w;inapplicable;Referenc;12163101;married;11;2;10;58.79185;Switzerl;France a;inapplic;inapplic;since bi;french
2003;121691;Middlela;12169102;couple w;4;0;2;0;141587.7969;20787.17695;12169102;woman;50;apprenti;part-tim;inapplicable;Referenc;12169101;married;29;3;12;52.401312;Switzerl;inapplic;inapplic;inapplic;since bi;french
2003;121692;Middlela;12169103;couple w;2;0;0;0;98797.20313;19493.39939;12169103;woman;27;universi;full-tim;inapplicable;Referenc;12169201;single.;0;3;18;25.563624;Switzerl;inapplic;inapplic;inapplic;since bi;french
2003;121771;Middlela;12177102;couple w;2;0;0;0;71010.20313;11985.83887;12177102;woman;60;domestic;part-tim;inapplicable;Referenc;12177101;married;40;2;10;54.3892;Switzerl;inapplic;inapplic;inapplic;since bi;french
2003;121781;Middlela;12178101;couple w;4;2;0;0;71457.20313;12567.43055;12178101;man;36;universi;full-tim;inapplicable;Referenc;12178102;married;9;3;18;23.112546;Switzerl;inapplic;inapplic;inapplic;since bi;french
2003;121801;Middlela;12180101;one pers;1;0;0;0;28958.54492;4934.829656;12180101;woman;73;apprenti;retired;24720;Referenc;inapplicable;divorced;0;5;12;50.274528;Switzerl;inapplic;inapplic;inapplic;since bi;french
2003;121811;Middlela;12181102;couple w;3;0;1;0;65702.60156;10741.08436;12181102;woman;50;apprenti;full-tim;inapplicable;Referenc;12181101;married;24;1;12;51.811104;Switzerl;inapplic;inapplic;inapplic;since bi;french
2003;121971;Middlela;12197102;couple w;2;0;0;0;108973;16687.97754;12197102;woman;41;bachelor;full-tim;inapplicable;Referenc;12197106;separate;0;3;13;44.394638;Switzerl;inapplic;inapplic;inapplic;since bi;french
2003;122371;Middlela;12237101;one pers;1;0;0;0;45649;7662.783552;12237101;woman;51;compulso;part-tim;25440;Referenc;inapplicable;single.;0;0;9;65.878548;Switzerl;inapplic;inapplic;inapplic;since bi;french
2003;122481;Middlela;12248102;couple w;4;2;0;0;102727.6016;19221.90528;12248102;woman;34;bachelor;part-tim;inapplicable;Referenc;12248101;married;12;3;13;45.020633;Switzerl;inapplic;inapplic;inapplic;since bi;french
2003;122501;Middlela;12250101;couple w;3;1;0;0;53406.60156;7754.403697;12250101;man;38;vocation;full-tim;inapplicable;Referenc;12250102;married;14;1;16;30.36058;Switzerl;inapplic;inapplic;inapplic;since bi;french
2003;122511;Middlela;12251101;lone par;4;0;3;0;126756.2031;18012.23205;12251101;woman;50;full-tim;full-tim;inapplicable;Referenc;inapplicable;divorced;23;3;12;46.458528;Switzerl;inapplic;inapplic;inapplic;since bi;french
2003;122541;Middlela;12254102;couple w;7;5;0;0;95401;18137.79123;12254102;woman;38;technica;part-tim;inapplicable;Referenc;12254101;married;18;5;16;30.094576;Switzerl;inapplic;inapplic;inapplic;since bi;french
2003;122611;Middlela;12261101;one pers;1;0;0;0;57091;9218.395776;12261101;man;65;apprenti;retired;28200;Referenc;inapplicable;divorced;0;2;12;51.46512;Switzerl;inapplic;inapplic;inapplic;since bi;french
2003;122691;Middlela;12269101;one pers;1;0;0;0;19103.70898;3929.216403;12269101;woman;66;compulso;child. w;21120;Referenc;inapplicable;widower/;0;2;9;59.559927;Switzerl;inapplic;inapplic;inapplic;since bi;french
2003;122741;Middlela;12274102;couple w;3;1;0;0;68994.60156;11588.87255;12274102;woman;50;bachelor;full-tim;inapplicable;Referenc;12274101;married;34;2;13;49.416509;Italy;Rumania;Switzerl;inapplic;1972;french
2003;122821;Middlela;12282102;couple w;3;1;0;0;99738.60156;18603.11935;12282102;woman;47;apprenti;child. w;inapplicable;Referenc;12282101;married;21;1;12;51.322656;Switzerl;inapplic;inapplic;inapplic;since bi;french
2003;122841;Middlela;12284101;couple w;3;1;0;0;51438.60156;8286.852237;12284101;man;35;bachelor;full-tim;inapplicable;Referenc;12284102;married;0;1;13;50.5433;Switzerl;inapplic;inapplic;inapplic;since bi;french
2003;123061;Middlela;12306101;one pers;1;0;0;0;32740.88672;6916.047523;12306101;woman;70;full-tim;retired;23500;Referenc;inapplicable;separate;0;3;12;46.295712;Spain an;Switzerl;inapplic;inapplic;1958;french
2003;123211;Middlela;12321101;couple w;2;0;0;0;134399.2031;19299.32105;12321101;woman;38;apprenti;full-tim;inapplicable;Referenc;12321102;widower/;14;0;12;45.929376;Switzerl;inapplic;inapplic;inapplic;1965;french
2003;123251;Middlela;12325102;couple w;2;0;0;0;148395.2031;26935.4829;12325102;woman;59;apprenti;full-tim;inapplicable;Referenc;12325101;married;32;0;12;53.876832;Switzerl;inapplic;inapplic;inapplic;1968;french
2003;123291;Middlela;12329101;one pers;1;0;0;0;27292.54492;5409.741645;12329101;man;38;compulso;other re;20260;Referenc;inapplicable;single.;0;0;9;58.928709;Switzerl;inapplic;inapplic;inapplic;since bi;french
2003;123381;Middlela;12338101;one pers;1;0;0;0;34337.88672;6749.927913;12338101;woman;68;full-tim;retired;39600;Referenc;inapplicable;single.;0;1;12;51.653376;Switzerl;inapplic;inapplic;inapplic;since bi;french
2003;123471;Middlela;12347102;couple w;4;0;2;0;103251.3984;15466.85352;12347102;woman;49;vocation;part-tim;inapplicable;Referenc;12347101;married;28;2;16;33.621592;Switzerl;inapplic;inapplic;inapplic;1954;french
2003;123531;Middlela;12353103;couple w;3;0;0;1;99403.79688;16786.27525;12353103;man;36;apprenti;full-tim;inapplicable;Referenc;inapplicable;single.;36;0;12;48.860064;Italy;inapplic;inapplic;resident;1971;french
2003;123561;Middlela;12356102;couple w;4;2;0;0;44020.99219;6537.641992;12356102;man;32;apprenti;full-tim;inapplicable;Referenc;12356101;married;9;3;12;53.495232;Switzerl;inapplic;inapplic;inapplic;since bi;french
2003;123961;Middlela;12396101;one pers;1;0;0;0;39271;6795.37488;12396101;man;46;universi;full-tim;inapplicable;Referenc;inapplicable;single.;0;0;18;24.758508;Switzerl;France a;inapplic;inapplic;1983;french
2003;124001;Middlela;12400102;couple w;4;2;0;0;37376.03906;5993.170742;12400102;man;33;apprenti;full-tim;inapplicable;Referenc;12400101;married;14;2;12;50.920704;Switzerl;inapplic;inapplic;inapplic;since bi;french
2003;124341;Lake Gen;12434102;couple w;3;1;0;0;95739.60156;19565.68516;12434102;woman;42;full-tim;part-tim;inapplicable;Referenc;12434101;married;21;1;12;52.045152;Switzerl;Sweden;inapplic;inapplic;1965;french
2003;124441;Lake Gen;12444102;couple w;2;0;0;0;93795.60156;16705.21437;12444102;woman;59;compulso;child. w;inapplicable;Referenc;12444101;married;36;2;9;62.329557;Switzerl;United K;inapplic;inapplic;1966;german
2003;124521;Lake Gen;12452101;couple w;4;2;0;0;94908;13585.92403;12452101;man;45;apprenti;full-tim;inapplicable;Referenc;12452102;married;18;2;12;54.243168;Switzerl;inapplic;inapplic;inapplic;since bi;french
2003;124641;Lake Gen;12464101;one pers;1;0;0;0;53615.80078;7873.550119;12464101;woman;69;full-tim;retired;67800;Referenc;inapplicable;divorced;0;1;12;46.662048;Switzerl;inapplic;inapplic;inapplic;since bi;french
2003;124741;Lake Gen;12474102;couple w;4;2;0;0;69938;12038.92301;12474102;woman;29;apprenti;part-tim;inapplicable;Referenc;12474101;married;7;2;12;48.961824;Switzerl;inapplic;inapplic;inapplic;since bi;french
2003;124881;Lake Gen;12488102;couple w;3;0;1;0;96674.39844;17054.16112;12488102;man;57;elementa;part-tim;54000;Referenc;12488101;married;36;2;10;54.52697;Switzerl;inapplic;inapplic;inapplic;since bi;french
2003;125021;Lake Gen;12502101;one pers;1;0;0;0;49939.60156;8704.443557;12502101;man;67;PhD;retired;61200;Referenc;inapplicable;divorced;0;1;21;9.53883;France a;inapplic;inapplic;resident;1956;french
2003;125121;Lake Gen;12512102;couple w;2;0;0;0;52513.24219;7653.324663;12512102;woman;55;domestic;part-tim;inapplicable;Referenc;12512101;married;35;2;10;61.90665;Switzerl;inapplic;inapplic;inapplic;since bi;french
2003;125131;Lake Gen;12513101;lone par;6;2;2;1;69454.32813;13176.1869;12513101;woman;54;universi;part-tim;inapplicable;Referenc;inapplicable;separate;30;6;18;23.184006;Switzerl;inapplic;inapplic;inapplic;1974;french
2003;125161;Lake Gen;12516102;couple w;3;0;1;0;56329.60156;11700.88358;12516102;man;34;full-tim;full-tim;inapplicable;Referenc;12516101;married;12;0;12;55.494816;Switzerl;inapplic;inapplic;inapplic;since bi;french
2003;125221;Lake Gen;12522101;one pers;1;0;0;0;46326.60156;6889.637868;12522101;woman;62;apprenti;part-tim;15600;Referenc;inapplicable;widower/;0;2;12;49.139904;Switzerl;inapplic;inapplic;inapplic;since bi;french
2003;125431;Middlela;12543101;one pers;1;0;0;0;53159.60156;10155.71493;12543101;woman;43;vocation;full-tim;inapplicable;Referenc;inapplicable;single.;0;0;16;32.600268;Switzerl;inapplic;inapplic;inapplic;since bi;french
2003;125511;Middlela;12551102;couple w;2;0;0;0;62355.19922;9481.787374;12551102;man;70;bachelor;retired;61370;Referenc;12551101;married;48;3;13;50.816883;Switzerl;inapplic;inapplic;inapplic;since bi;french
2003;125791;Middlela;12579101;couple w;4;2;0;0;91117.20313;14559.90209;12579101;woman;43;apprenti;part-tim;inapplicable;Referenc;12579102;married;24;2;12;51.82128;Switzerl;inapplic;inapplic;inapplic;1963;french
2003;125821;Middlela;12582102;couple w;2;0;0;0;56617;9933.991872;12582102;woman;48;domestic;child. w;16800;Referenc;12582101;married;19;1;10;62.31996;Switzerl;inapplic;inapplic;inapplic;since bi;french
2003;126381;Zurich;12638101;couple w;2;0;0;0;146962.7969;23940.41879;12638101;man;41;technica;full-tim;inapplicable;Referenc;12638102;married;7;0;16;29.877832;Switzerl;inapplic;inapplic;inapplic;1995;german
2003;126471;Zurich;12647101;one pers;1;0;0;0;57903.39844;11015.90835;12647101;man;37;apprenti;full-tim;inapplicable;Referenc;inapplicable;single.;0;0;12;49.368864;Switzerl;inapplic;inapplic;inapplic;1965;german
2003;126481;Zurich;12648101;couple w;4;2;0;0;27061.45313;6300.927982;12648101;woman;41;compulso;work in;inapplicable;Referenc;12648102;married;7;2;9;67.88814;Switzerl;inapplic;inapplic;inapplic;since bi;german
2003;126521;Zurich;12652102;couple w;4;2;0;0;114166.7969;19089.43398;12652102;woman;49;bachelor;part-tim;inapplicable;Referenc;12652101;married;27;5;13;44.923256;Switzerl;inapplic;inapplic;inapplic;since bi;german
2003;126523;Zurich;12652301;couple w;3;1;1;0;29529.00195;4681.610847;12652301;woman;23;general;child. w;inapplicable;Referenc;12652304;married;0;3;10;59.28303;Switzerl;inapplic;inapplic;inapplic;since bi;german
2003;126561;Zurich;12656102;couple w;4;1;1;0;73436.24219;10646.08196;12656102;man;47;apprenti;full-tim;inapplicable;Referenc;12656101;married;26;2;12;46.010784;Italy;inapplic;inapplic;resident;1973;german
2003;126641;Zurich;12664102;couple w;5;1;2;0;118032.1016;17097.24015;12664102;woman;49;bachelor;child. w;inapplicable;Referenc;12664101;married;27;4;13;47.770374;Switzerl;inapplic;inapplic;inapplic;since bi;german
2003;126851;Zurich;12685102;lone par;3;2;0;0;60576.6875;12689.58604;12685102;woman;37;PhD;part-tim;inapplicable;Referenc;inapplicable;separate;6;2;21;11.134809;Switzerl;inapplic;inapplic;inapplic;since bi;german
2003;127061;Zurich;12706101;couple w;2;0;0;0;94819.875;13402.67398;12706101;woman;50;apprenti;part-tim;inapplicable;Referenc;12706104;separate;0;2;12;52.620096;Switzerl;inapplic;inapplic;inapplic;since bi;german
2003;127321;Zurich;12732102;couple w;2;0;0;0;75124.79688;12907.99578;12732102;woman;55;full-tim;child. w;inapplicable;Referenc;12732101;married;34;3;12;54.685824;Switzerl;inapplic;inapplic;inapplic;since bi;german
2003;127323;Zurich;12732104;one pers;1;0;0;0;35442.54688;6263.888243;12732104;woman;24;apprenti;full-tim;inapplicable;Referenc;inapplicable;single.;0;0;12;51.398976;Switzerl;inapplic;inapplic;inapplic;since bi;german
2003;127371;Zurich;12737101;one pers;1;0;0;0;60619.39844;11548.61259;12737101;woman;75;apprenti;retired;55200;Referenc;inapplicable;single.;0;0;12;48.244416;Switzerl;inapplic;inapplic;inapplic;since bi;german
2003;127601;Zurich;12760101;couple w;2;0;0;0;59204.80078;12563.13264;12760101;man;66;full-tim;retired;58800;Referenc;12760102;married;37;2;12;49.572384;Germany;inapplic;inapplic;resident;1979;german
2003;127701;Zurich;12770101;couple w;5;3;0;0;76467.79688;14703.91557;12770101;woman;48;apprenti;child. w;inapplicable;Referenc;12770102;married;20;3;12;50.620512;Switzerl;inapplic;inapplic;inapplic;since bi;german
2003;127821;Zurich;12782102;one pers;1;0;0;0;73348.39844;12758.66809;12782102;woman;61;apprenti;child. w;;Referenc;inapplicable;widower/;0;2;12;48.931296;Switzerl;inapplic;inapplic;inapplic;since bi;german
2003;127851;Zurich;12785101;one pers;1;0;0;0;72070.39844;10724.25552;12785101;man;73;full-tim;retired;25300;Referenc;inapplicable;divorced;0;2;12;48.38688;Switzerl;inapplic;inapplic;inapplic;since bi;german
2003;127881;Zurich;12788101;one pers;1;0;0;0;56930.39844;9603.420563;12788101;man;46;apprenti;full-tim;inapplicable;Referenc;inapplicable;single.;0;0;12;51.49056;Switzerl;inapplic;inapplic;inapplic;since bi;german
2003;127971;Zurich;12797102;couple w;3;1;0;0;159500.7969;21857.88909;12797102;woman;39;apprenti;child. w;inapplicable;Referenc;12797101;married;14;inapplic;12;52.472544;Switzerl;inapplic;inapplic;inapplic;since bi;inapplic
2003;127991;Zurich;12799102;other ho;6;4;0;0;56085.51563;8030.80915;12799102;woman;35;apprenti;part-tim;inapplicable;Referenc;12799101;married;8;3;12;55.28112;Switzerl;inapplic;inapplic;inapplic;since bi;german
2003;128011;Zurich;12801102;couple w;3;1;0;0;81525.79688;15206.98126;12801102;man;35;vocation;full-tim;inapplicable;Referenc;12801101;married;11;2;16;35.8777;Italy;inapplic;inapplic;resident;since bi;german
2003;128351;Zurich;12835101;couple w;2;0;0;0;51149.80078;10737.89553;12835101;woman;51;apprenti;full-tim;inapplicable;Referenc;12835102;married;5;1;12;48.799008;Switzerl;inapplic;inapplic;inapplic;1991;german
2003;128441;Zurich;12844102;couple w;3;0;1;0;151743.5938;22392.11606;12844102;woman;51;apprenti;part-tim;inapplicable;Referenc;12844101;married;34;2;12;54.792672;Switzerl;inapplic;inapplic;inapplic;since bi;german
2003;128451;Zurich;12845101;couple w;3;1;0;0;113615.7969;20505.68161;12845101;woman;40;universi;part-tim;inapplicable;Referenc;12845102;single.;10;2;18;25.351626;Switzerl;inapplic;inapplic;inapplic;since bi;german
2003;128471;Zurich;12847101;one pers;1;0;0;0;30687.40039;5762.234461;12847101;woman;56;vocation;part-tim;inapplicable;Referenc;inapplicable;single.;0;0;16;31.611784;Switzerl;inapplic;inapplic;inapplic;since bi;german
2003;128691;Zurich;12869101;one pers;1;0;0;0;28093.19531;4914.648622;12869101;woman;63;vocation;retired;30900;Referenc;inapplicable;single.;0;0;16;29.956648;Switzerl;inapplic;inapplic;inapplic;since bi;german
2003;128711;Zurich;12871102;couple w;2;0;0;0;138894.7969;24927.748;12871102;woman;29;apprenti;part-tim;inapplicable;Referenc;12871101;married;9;1;12;46.0464;Switzerl;inapplic;inapplic;inapplic;since bi;german
2003;128871;Zurich;12887102;couple w;3;0;1;0;118616.6016;16298.58777;12887102;woman;58;vocation;in schoo;inapplicable;Referenc;12887101;married;22;1;16;29.657804;Switzerl;inapplic;inapplic;inapplic;since bi;german
2003;129071;Zurich;12907102;couple w;5;3;0;0;89609.79688;12469.44238;12907102;woman;34;apprenti;part-tim;inapplicable;Referenc;12907101;married;14;3;12;47.094528;Switzerl;inapplic;inapplic;inapplic;since bi;german
2003;129091;Zurich;12909101;one pers;1;0;0;0;31110.40039;6703.35248;12909101;woman;60;apprenti;part-tim;inapplicable;Referenc;inapplicable;divorced;0;2;12;48.045984;Switzerl;inapplic;inapplic;inapplic;since bi;german
2003;129141;Zurich;12914102;couple w;2;0;0;0;97341.79688;18865.30931;12914102;woman;75;apprenti;retired;21600;Referenc;12914101;married;49;2;12;50.462784;Switzerl;inapplic;inapplic;inapplic;since bi;german
2003;129511;Zurich;12951102;couple w;5;3;0;0;96213.14844;17367.91351;12951102;man;43;vocation;full-tim;inapplicable;Referenc;12951101;married;19;3;16;31.976308;Switzerl;inapplic;inapplic;inapplic;1963;german
2003;129621;Zurich;12962101;couple w;2;0;0;0;106770.7969;16057.99482;12962101;woman;49;incomple;part-tim;28380;Referenc;12962102;widower/;19;1;8;66.039144;Switzerl;inapplic;inapplic;inapplic;since bi;german
2003;129661;Zurich;12966101;couple w;5;3;0;0;149414.7969;28602.47244;12966101;man;41;vocation;part-tim;inapplicable;Referenc;12966102;divorced;0;1;16;33.966412;Switzerl;inapplic;inapplic;inapplic;since bi;german
2003;129721;Zurich;12972101;one pers;1;0;0;0;94093.39844;13823.30657;12972101;woman;35;vocation;full-tim;inapplicable;Referenc;inapplicable;divorced;0;0;16;30.85318;Switzerl;inapplic;inapplic;inapplic;since bi;german
2003;129731;Zurich;12973102;couple w;2;0;0;0;107395.7969;21070.83991;12973102;man;71;vocation;retired;102600;Referenc;12973101;married;48;2;16;29.608544;Switzerl;inapplic;inapplic;inapplic;since bi;german
2003;129831;Zurich;12983101;one pers;1;0;0;0;44270.39844;9486.518337;12983101;man;39;apprenti;full-tim;inapplicable;Referenc;inapplicable;single.;0;0;12;47.277696;Switzerl;inapplic;inapplic;inapplic;since bi;german
2003;130061;Zurich;13006101;couple w;3;1;0;0;89905.79688;14111.0555;13006101;man;44;vocation;part-tim;inapplicable;Referenc;13006102;married;9;2;16;34.748004;Switzerl;inapplic;inapplic;inapplic;since bi;german
2003;130131;Zurich;13013102;couple w;4;0;2;0;82840.24219;14736.23878;13013102;woman;48;compulso;part-tim;inapplicable;Referenc;13013101;married;28;2;9;59.347374;Switzerl;inapplic;inapplic;inapplic;since bi;german
2003;130191;Zurich;13019101;couple w;2;0;0;0;81181.79688;14447.92957;13019101;woman;50;vocation;full-tim;inapplicable;Referenc;13019102;single.;9;0;16;31.536252;Switzerl;inapplic;inapplic;inapplic;since bi;german
2003;130361;Zurich;13036101;couple w;2;0;0;0;45008.39063;9771.079455;13036101;man;42;apprenti;part-tim;inapplicable;Referenc;13036102;married;24;0;12;55.499904;Switzerl;inapplic;inapplic;inapplic;since bi;german
2003;130411;Zurich;13041101;couple w;4;2;0;0;77096.92188;14258.32462;13041101;woman;36;apprenti;child. w;inapplicable;Referenc;13041102;married;10;2;12;54.87408;Germany;inapplic;inapplic;resident;1993;german
2003;130421;Zurich;13042101;one pers;1;0;0;0;63276.39844;11431.25233;13042101;man;75;vocation;retired;65400;Referenc;inapplicable;widower/;0;3;16;32.813728;Switzerl;inapplic;inapplic;inapplic;since bi;german
2003;130431;Zurich;13043101;couple w;4;2;0;0;63845.92188;10932.72074;13043101;man;44;apprenti;full-tim;inapplicable;Referenc;13043102;married;23;2;12;46.946976;Switzerl;inapplic;inapplic;inapplic;since bi;german
2003;130581;Zurich;13058102;couple w;2;0;0;0;88046.79688;15890.14184;13058102;woman;47;apprenti;part-tim;inapplicable;Referenc;13058101;married;25;0;12;47.298048;Switzerl;inapplic;inapplic;inapplic;since bi;german
2003;130621;Zurich;13062102;couple w;2;0;0;0;45258.39063;7722.137923;13062102;woman;68;apprenti;retired;17760;Referenc;13062101;married;49;4;12;50.732448;Switzerl;inapplic;inapplic;inapplic;1935;german
2003;130651;Zurich;13065102;couple w;5;3;0;0;92667.14844;14563.7696;13065102;woman;41;apprenti;part-tim;inapplicable;Referenc;13065101;married;21;3;12;48.035808;Switzerl;inapplic;inapplic;inapplic;since bi;german
2003;130771;Zurich;13077102;couple w;2;0;0;0;107017.7969;17245.70168;13077102;woman;65;vocation;part-tim;18000;Referenc;13077101;married;29;2;16;36.068172;Switzerl;inapplic;inapplic;inapplic;since bi;german
2003;130801;Zurich;13080101;couple w;2;0;0;0;95099.79688;18217.01789;13080101;man;59;apprenti;full-tim;inapplicable;Referenc;13080102;divorced;6;2;12;51.0072;Switzerl;inapplic;inapplic;inapplic;since bi;german
2003;130931;Zurich;13093102;couple w;3;0;1;0;110362.6016;20434.2594;13093102;woman;50;apprenti;part-tim;inapplicable;Referenc;13093101;married;31;2;12;49.287456;Switzerl;inapplic;inapplic;inapplic;since bi;german
2003;131201;Zurich;13120102;couple w;4;2;0;0;139885.7969;19327.33595;13120102;man;46;apprenti;full-tim;inapplicable;Referenc;13120101;married;20;2;12;51.526176;Switzerl;inapplic;inapplic;inapplic;since bi;german
2003;131241;Zurich;13124102;couple w;2;0;0;0;140397.7969;28137.60609;13124102;man;40;apprenti;full-tim;inapplicable;Referenc;13124101;single.;12;0;12;54.74688;Switzerl;inapplic;inapplic;inapplic;since bi;german
2003;131511;East Swi;13151101;couple w;2;0;0;0;45771.79688;8261.893693;13151101;man;69;apprenti;retired;38510;Referenc;13151102;married;44;3;12;48.987264;Switzerl;inapplic;inapplic;inapplic;since bi;german
2003;131631;East Swi;13163102;couple w;4;0;2;0;187898.5938;27590.84496;13163102;woman;44;full-tim;part-tim;inapplicable;Referenc;13163101;married;27;2;12;50.340672;Switzerl;Germany;inapplic;inapplic;1980;german
2003;131671;East Swi;13167102;couple w;4;2;0;0;93738.60156;14628.73236;13167102;woman;41;apprenti;part-tim;80000;Referenc;13167101;married;25;2;12;54.614592;Switzerl;inapplic;inapplic;inapplic;since bi;german
2003;131801;East Swi;13180101;one pers;1;0;0;0;21626.50391;3899.142355;13180101;woman;61;compulso;child. w;inapplicable;Referenc;inapplicable;separate;0;2;9;62.439054;Switzerl;inapplic;inapplic;inapplic;since bi;german
2003;131811;East Swi;13181102;couple w;4;1;1;0;76551.76563;12450.73589;13181102;woman;46;apprenti;part-tim;inapplicable;Referenc;13181101;married;23;2;12;54.334752;Switzerl;inapplic;inapplic;inapplic;since bi;german
2003;131831;East Swi;13183101;one pers;1;0;0;0;50689;8217.43648;13183101;man;26;apprenti;full-tim;inapplicable;Referenc;inapplicable;single.;0;0;12;55.016544;Switzerl;inapplic;inapplic;inapplic;since bi;german
2003;131911;East Swi;13191101;couple w;3;0;0;1;142721.5938;23263.40409;13191101;woman;75;apprenti;retired;16200;Referenc;13191102;married;41;2;12;54.227904;Switzerl;inapplic;inapplic;inapplic;since bi;german
2003;132281;East Swi;13228102;couple w;6;4;0;0;141447.4063;25470.12232;13228102;woman;33;apprenti;child. w;inapplicable;Referenc;13228101;married;12;4;12;53.698752;Switzerl;inapplic;inapplic;inapplic;since bi;german
2003;132411;East Swi;13241102;couple w;4;2;0;0;70388.60156;11985.05107;13241102;woman;35;apprenti;part-tim;inapplicable;Referenc;13241101;married;15;2;12;53.637696;Switzerl;inapplic;inapplic;inapplic;1968;german
2003;132661;East Swi;13266102;couple w;2;0;0;0;63690.80078;9236.661914;13266102;man;58;apprenti;full-tim;inapplicable;Referenc;13266101;married;26;2;12;54.039648;Switzerl;inapplic;inapplic;inapplic;since bi;german
2003;132821;East Swi;13282101;other ho;5;2;0;0;79676;12926.02003;13282101;woman;32;bachelor;child. w;inapplicable;Referenc;13282102;married;11;2;13;42.716044;Switzerl;inapplic;inapplic;inapplic;since bi;german
2003;132841;East Swi;13284102;couple w;3;0;1;0;103815.3984;20713.42746;13284102;woman;51;domestic;part-tim;inapplicable;Referenc;13284101;married;31;2;10;60.6787;Switzerl;inapplic;inapplic;inapplic;since bi;german
2003;133221;East Swi;13322102;couple w;6;4;0;0;95011.79688;17731.34568;13322102;man;37;vocation;full-tim;inapplicable;Referenc;13322101;married;16;4;16;35.7956;Switzerl;inapplic;inapplic;inapplic;since bi;german
2003;133511;East Swi;13351102;couple w;2;0;0;0;75831;15034.61261;13351102;woman;57;compulso;part-tim;inapplicable;Referenc;13351101;married;36;2;9;60.171822;Switzerl;United S;inapplic;inapplic;1968;german
2003;133621;East Swi;13362102;other ho;3;1;0;0;30252.88867;5251.743599;13362102;woman;77;domestic;retired;16560;Referenc;13362101;married;58;6;10;55.39552;Switzerl;inapplic;inapplic;inapplic;since bi;german
2003;133641;East Swi;13364101;one pers;1;0;0;0;23324.12891;5506.939396;13364101;woman;68;compulso;retired;25850;Referenc;inapplicable;single.;0;0;9;63.308589;Switzerl;inapplic;inapplic;inapplic;since bi;german
2003;133801;East Swi;13380101;one pers;1;0;0;0;40184.39844;7748.972412;13380101;woman;49;technica;full-tim;inapplicable;Referenc;inapplicable;divorced;0;2;16;30.160256;Switzerl;Austria;inapplic;inapplic;1975;german
2003;133861;East Swi;13386102;couple w;5;2;1;0;81111.39844;12409.51193;13386102;woman;43;bachelor;child. w;inapplicable;Referenc;13386101;married;0;3;13;44.032952;Germany;inapplic;inapplic;resident;1992;german
2003;133911;East Swi;13391102;couple w;3;0;1;0;92208.39844;15476.0849;13391102;woman;56;elementa;part-tim;inapplicable;Referenc;13391101;married;30;2;10;64.02711;Switzerl;inapplic;inapplic;inapplic;1949;german
2003;134021;East Swi;13402101;one pers;1;0;0;0;31402.60156;7222.0702;13402101;woman;77;apprenti;retired;36000;Referenc;inapplicable;widower/;0;4;12;54.13632;Switzerl;inapplic;inapplic;inapplic;since bi;german
2003;134271;East Swi;13427103;other ho;3;1;0;1;47926.24609;9165.754018;13427103;woman;37;apprenti;part-tim;inapplicable;Referenc;inapplicable;single.;37;1;12;55.30656;Switzerl;inapplic;inapplic;inapplic;since bi;german
2003;134391;East Swi;13439101;couple w;4;2;0;0;59791.60156;8861.197931;13439101;man;43;vocation;full-tim;inapplicable;Referenc;13439102;married;16;2;16;35.6314;Switzerl;inapplic;inapplic;inapplic;since bi;german
2003;134601;East Swi;13460101;couple w;6;3;1;0;75657.35156;12460.40158;13460101;man;48;technica;full-tim;8400;Referenc;13460102;married;24;6;16;35.355544;Switzerl;inapplic;inapplic;inapplic;does not;german
2003;134761;East Swi;13476102;couple w;2;0;0;0;92337.79688;15751.96383;13476102;woman;55;apprenti;part-tim;inapplicable;Referenc;13476101;married;31;0;12;54.202464;Switzerl;inapplic;inapplic;inapplic;since bi;german
2003;134771;East Swi;13477101;couple w;4;2;0;0;100472.6016;18609.0066;13477101;man;48;universi;full-tim;inapplicable;Referenc;13477102;married;14;2;18;25.806588;Switzerl;inapplic;inapplic;inapplic;1955;german
2003;134901;East Swi;13490102;couple w;4;2;0;0;67593.53125;11061.17023;13490102;woman;39;apprenti;part-tim;inapplicable;Referenc;13490101;married;16;2;12;54.996192;Switzerl;inapplic;inapplic;inapplic;since bi;german
2003;135261;East Swi;13526102;couple w;2;0;0;0;55483.80078;10924.41339;13526102;man;61;apprenti;full-tim;inapplicable;Referenc;13526101;married;35;2;12;52.360608;Switzerl;inapplic;inapplic;inapplic;since bi;german
2003;135271;East Swi;13527102;couple w;3;1;0;0;52672.80078;8386.835772;13527102;woman;37;apprenti;part-tim;inapplicable;Referenc;13527101;married;14;1;12;53.24592;Switzerl;inapplic;inapplic;inapplic;since bi;german
2003;135371;East Swi;13537101;couple w;3;1;0;0;259037.2031;46401.91527;13537101;man;47;vocation;other si;inapplicable;Referenc;13537102;married;0;2;16;32.596984;Switzerl;inapplic;inapplic;inapplic;1980;german
2003;135771;East Swi;13577101;lone par;2;0;1;0;96299.79688;14701.53888;13577101;woman;54;vocation;part-tim;inapplicable;Referenc;inapplicable;married;27;2;16;31.890924;Switzerl;inapplic;inapplic;inapplic;since bi;german
2003;135801;East Swi;13580101;couple w;3;0;1;0;57186.28125;11221.62441;13580101;man;52;vocation;full-tim;inapplicable;Referenc;13580102;married;34;3;16;30.652856;Switzerl;inapplic;inapplic;inapplic;since bi;german
2003;135811;East Swi;13581101;couple w;2;0;0;0;73281.20313;13376.51212;13581101;man;44;universi;full-tim;inapplicable;Referenc;13581102;married;23;0;18;24.837114;Switzerl;inapplic;inapplic;inapplic;since bi;german
2003;135821;East Swi;13582102;couple w;4;2;0;0;89039.53125;14923.10291;13582102;man;45;vocation;full-tim;inapplicable;Referenc;13582101;married;19;2;16;33.897448;Switzerl;inapplic;inapplic;inapplic;since bi;german
2003;135961;East Swi;13596101;one pers;1;0;0;0;31110.50391;6904.221123;13596101;woman;67;domestic;retired;34800;Referenc;inapplicable;single.;0;0;10;64.33859;Switzerl;inapplic;inapplic;inapplic;since bi;german
2003;136061;East Swi;13606101;couple w;4;2;0;0;57749.14844;11247.46634;13606101;man;33;vocation;full-tim;inapplicable;Referenc;13606103;single.;0;2;16;33.854756;Switzerl;inapplic;inapplic;inapplic;since bi;german
2003;136081;East Swi;13608101;one pers;1;0;0;0;26109.49805;4544.826782;13608101;woman;68;apprenti;retired;28800;Referenc;inapplicable;single.;0;0;12;48.773568;Switzerl;inapplic;inapplic;inapplic;since bi;german
2003;136171;East Swi;13617102;one pers;1;0;0;0;50435.39844;8882.828677;13617102;woman;35;general;full-tim;inapplicable;Referenc;inapplicable;single.;0;0;10;54.42514;Switzerl;inapplic;inapplic;inapplic;since bi;german
2003;136181;East Swi;13618102;couple w;3;0;1;0;69792.07813;11590.02938;13618102;woman;54;apprenti;child. w;inapplicable;Referenc;13618101;married;29;2;12;49.094112;Switzerl;inapplic;inapplic;inapplic;since bi;german
2003;136611;East Swi;13661101;couple w;2;0;0;0;58771;11599.7464;13661101;woman;53;apprenti;child. w;inapplicable;Referenc;13661102;married;32;2;12;46.728192;Switzerl;inapplic;inapplic;inapplic;since bi;german
2003;136751;East Swi;13675101;one pers;1;0;0;0;31389.18359;6354.698644;13675101;woman;36;technica;part-tim;7560;Referenc;inapplicable;single.;0;0;16;32.245596;Switzerl;inapplic;inapplic;inapplic;since bi;german
2003;136981;East Swi;13698102;couple w;2;0;0;0;57515.19922;8606.77153;13698102;woman;67;apprenti;part-tim;18720;Referenc;13698101;married;45;3;12;48.290208;Switzerl;inapplic;inapplic;inapplic;1957;german
2003;137011;East Swi;13701102;couple w;6;2;2;0;78744.07813;12682.47636;13701102;woman;49;vocation;child. w;inapplicable;Referenc;13701101;married;24;4;16;35.752908;Switzerl;inapplic;inapplic;inapplic;since bi;german
2003;137051;East Swi;13705102;couple w;6;4;0;0;61334.96094;9818.743125;13705102;woman;35;elementa;child. w;inapplicable;Referenc;13705101;married;9;4;10;55.18587;Switzerl;inapplic;inapplic;inapplic;since bi;german
2003;137111;East Swi;13711101;couple w;4;2;0;0;103606.6016;18234.43816;13711101;woman;39;vocation;part-tim;inapplicable;Referenc;13711102;married;19;2;16;35.641252;Switzerl;inapplic;inapplic;inapplic;since bi;german
2003;137151;East Swi;13715101;couple w;4;2;0;0;86392.60156;15593.60269;13715101;man;35;universi;full-tim;inapplicable;Referenc;13715102;single.;9;3;18;23.41506;Switzerl;inapplic;inapplic;inapplic;since bi;german
2003;137261;East Swi;13726101;one pers;1;0;0;0;59515.39844;9655.412737;13726101;woman;62;domestic;part-tim;inapplicable;Referenc;inapplicable;divorced;0;3;10;62.2361;Switzerl;Austria;inapplic;inapplic;1965;german
2003;137371;East Swi;13737102;couple w;2;0;0;0;66252.41406;12275.52873;13737102;woman;65;apprenti;retired;36000;Referenc;13737101;married;46;1;12;52.370784;Switzerl;inapplic;inapplic;inapplic;since bi;german
2003;137491;East Swi;13749101;couple w;5;1;2;0;163588.2031;25913.23368;13749101;man;48;compulso;full-tim;inapplicable;Referenc;13749102;married;24;4;9;64.100832;Switzerl;inapplic;inapplic;inapplic;since bi;german
2003;137501;East Swi;13750102;couple w;4;2;0;0;82284.60156;11448.5864;13750102;woman;36;domestic;part-tim;inapplicable;Referenc;13750101;married;14;2;10;60.65474;Switzerl;inapplic;inapplic;inapplic;since bi;german
2003;137511;East Swi;13751101;other ho;3;1;0;0;90128.20313;13801.35869;13751101;man;50;universi;full-tim;inapplicable;Referenc;inapplicable;divorced;0;3;18;24.051054;Switzerl;inapplic;inapplic;inapplic;since bi;german
2003;137521;East Swi;13752101;one pers;1;0;0;0;44998.39844;8842.60366;13752101;man;42;apprenti;full-tim;inapplicable;Referenc;inapplicable;single.;0;0;12;50.289792;Switzerl;inapplic;inapplic;inapplic;since bi;german
2003;137811;East Swi;13781101;one pers;1;0;0;0;47751;8234.07248;13781101;woman;52;apprenti;full-tim;inapplicable;Referenc;inapplicable;single.;0;0;12;52.696416;Switzerl;inapplic;inapplic;inapplic;1951;german
2003;137941;East Swi;13794102;couple w;4;0;2;0;178500;31907.064;13794102;woman;51;apprenti;part-tim;inapplicable;Referenc;13794101;married;32;3;12;49.485888;Switzerl;inapplic;inapplic;inapplic;since bi;german
2003;138301;East Swi;13830102;couple w;2;0;0;0;98437.79688;17527.2497;13830102;woman;43;compulso;full-tim;inapplicable;Referenc;13830101;married;19;inapplic;9;63.972012;Switzerl;inapplic;inapplic;inapplic;since bi;inapplic
2003;138311;East Swi;13831101;couple w;2;0;0;0;61460;10796.76576;13831101;man;62;technica;part-tim;51600;Referenc;13831102;married;40;2;16;32.399944;Switzerl;inapplic;inapplic;inapplic;since bi;german
2003;138411;East Swi;13841101;couple w;2;0;0;0;60040.19922;10362.48394;13841101;man;72;vocation;retired;72000;Referenc;13841102;married;46;5;16;33.417984;Switzerl;inapplic;inapplic;inapplic;since bi;german
2003;138471;Central;13847102;couple w;5;3;0;0;73081.42969;11776.59207;13847102;woman;43;bachelor;part-tim;inapplicable;Referenc;13847101;married;18;3;13;44.844427;Portugua;inapplic;inapplic;resident;1981;german
2003;138661;Central;13866101;couple w;2;0;0;0;48901.17188;7680.572801;13866101;woman;75;domestic;retired;18960;Referenc;13866102;married;24;1;10;59.49867;Switzerl;inapplic;inapplic;inapplic;since bi;german
2003;138701;Central;13870101;one pers;1;0;0;0;46103.60156;7761.735553;13870101;man;54;vocation;full-tim;inapplicable;Referenc;inapplicable;divorced;0;0;16;35.749624;Switzerl;inapplic;inapplic;inapplic;1966;german
2003;138711;East Swi;13871101;couple w;2;0;0;0;65217.07031;12088.79788;13871101;woman;65;apprenti;retired;36000;Referenc;13871102;married;39;2;12;54.87408;Switzerl;inapplic;inapplic;inapplic;since bi;german
2003;138781;East Swi;13878102;one pers;1;0;0;0;64499.39844;11756.85204;13878102;woman;57;compulso;full-tim;inapplicable;Referenc;inapplicable;widower/;0;2;9;60.970506;Switzerl;inapplic;inapplic;inapplic;since bi;german
2003;138971;East Swi;13897102;couple w;4;2;0;0;113326.2031;19824.77786;13897102;woman;39;apprenti;child. w;inapplicable;Referenc;13897101;married;17;2;12;49.653792;Switzerl;inapplic;inapplic;inapplic;since bi;german
2003;139191;Central;13919102;couple w;2;0;0;0;95642;16439.66285;13919102;woman;60;apprenti;child. w;inapplicable;Referenc;13919101;married;38;2;12;48.951648;Switzerl;inapplic;inapplic;inapplic;since bi;german
2003;139271;East Swi;13927101;couple w;4;2;0;0;80323.39844;14522.16815;13927101;woman;36;apprenti;part-tim;inapplicable;Referenc;13927102;married;12;2;12;55.952736;Croatia;inapplic;inapplic;annual p;1993;german
2003;139391;Central;13939101;couple w;2;0;0;0;50632.17188;8837.214223;13939101;woman;66;elementa;retired;13200;Referenc;13939102;married;43;3;10;60.07371;Switzerl;inapplic;inapplic;inapplic;1963;german
2003;139491;East Swi;13949101;one pers;1;0;0;0;76712.39844;14601.38213;13949101;man;64;apprenti;full-tim;inapplicable;Referenc;inapplicable;widower/;0;1;12;53.62752;Switzerl;inapplic;inapplic;inapplic;since bi;german
2003;139571;East Swi;13957101;one pers;1;0;0;0;63526.39844;11454.49357;13957101;woman;45;apprenti;full-tim;inapplicable;Referenc;inapplicable;single.;0;0;12;54.889344;Switzerl;inapplic;inapplic;inapplic;since bi;german
2003;139601;Central;13960102;couple w;2;0;0;0;92931.20313;15919.77328;13960102;man;57;apprenti;full-tim;inapplicable;Referenc;13960101;married;14;1;12;55.454112;Switzerl;inapplic;inapplic;inapplic;since bi;german
2003;139681;East Swi;13968101;one pers;1;0;0;0;21823.19336;4125.187325;13968101;woman;68;domestic;retired;18000;Referenc;inapplicable;widower/;0;4;10;60.58286;Switzerl;inapplic;inapplic;inapplic;since bi;german
2003;139921;East Swi;13992101;couple w;5;3;0;0;85410;16223.08672;13992101;woman;39;bachelor;child. w;inapplicable;Referenc;13992102;married;13;3;13;43.847472;Switzerl;inapplic;inapplic;inapplic;since bi;german
2003;140011;Central;14001101;couple w;2;0;0;0;65398.19922;12380.80883;14001101;woman;51;bachelor;part-tim;inapplicable;Referenc;14001102;married;31;2;13;45.795012;Switzerl;inapplic;inapplic;inapplic;since bi;german
2003;140191;East Swi;14019101;couple w;3;1;0;0;94770;16134.10624;14019101;man;38;apprenti;full-tim;inapplicable;Referenc;14019102;married;5;2;12;51.078432;Switzerl;inapplic;inapplic;inapplic;since bi;german
2003;140211;Central;14021101;couple w;2;0;0;0;69873.20313;10520.83566;14021101;man;53;apprenti;full-tim;inapplicable;Referenc;14021102;divorced;12;2;12;47.028384;Switzerl;inapplic;inapplic;inapplic;since bi;german
2003;140231;Central;14023102;couple w;2;0;0;0;51438.17188;10756.76728;14023102;woman;53;apprenti;child. w;8300;Referenc;14023101;married;23;0;12;45.980256;Switzerl;inapplic;inapplic;inapplic;since bi;german
2003;140271;Central;14027101;couple w;4;2;0;0;98807.60156;17276.51246;14027101;woman;46;universi;part-tim;inapplicable;Referenc;14027102;married;20;2;18;23.834292;Switzerl;inapplic;inapplic;inapplic;since bi;german
2003;140291;Central;14029102;couple w;6;3;1;0;125829.7969;18943.41279;14029102;woman;46;elementa;child. w;inapplicable;Referenc;14029101;married;23;4;10;63.90132;Switzerl;inapplic;inapplic;inapplic;since bi;german
2003;140491;Central;14049101;couple w;4;2;0;0;101802.6016;17215.80491;14049101;woman;41;apprenti;part-tim;inapplicable;Referenc;14049102;married;14;2;12;49.714848;Switzerl;inapplic;inapplic;inapplic;since bi;german
2003;140501;Central;14050101;couple w;3;1;0;0;78497.60156;11476.85919;14050101;man;43;technica;full-tim;inapplicable;Referenc;14050102;married;14;1;16;30.370432;Switzerl;inapplic;inapplic;inapplic;since bi;german
2003;140561;Central;14056101;couple w;4;2;0;0;79609.20313;15822.82083;14056101;woman;42;full-tim;child. w;inapplicable;Referenc;14056102;married;8;inapplic;12;55.133568;Switzerl;inapplic;inapplic;inapplic;since bi;inapplic
2003;140861;Central;14086102;couple w;3;0;1;0;152911.7969;21951.59503;14086102;woman;57;apprenti;child. w;inapplicable;Referenc;14086101;married;35;3;12;53.698752;Switzerl;inapplic;inapplic;inapplic;1973;german
2003;140981;Central;14098101;one pers;1;0;0;0;41515.60156;7214.51646;14098101;man;48;universi;part-tim;inapplicable;Referenc;inapplicable;single.;0;0;18;22.193094;Switzerl;inapplic;inapplic;inapplic;1955;german
2003;141081;Central;14108102;couple w;6;4;0;0;85324.85156;15627.79787;14108102;woman;40;apprenti;part-tim;inapplicable;Referenc;14108101;divorced;15;4;12;48.381792;Switzerl;inapplic;inapplic;inapplic;since bi;german
2003;141241;Central;14124101;couple w;2;0;0;0;78133.20313;10979.26733;14124101;woman;79;apprenti;retired;18960;Referenc;14124102;married;54;1;12;50.732448;Switzerl;inapplic;inapplic;inapplic;since bi;german
2003;141401;Central;14140102;couple w;5;3;0;0;78638.42969;12647.69692;14140102;woman;40;apprenti;part-tim;inapplicable;Referenc;14140101;married;19;3;12;49.745376;Switzerl;inapplic;inapplic;inapplic;since bi;german
2003;141611;Central;14161101;couple w;4;0;1;1;182370.7969;29503.31057;14161101;woman;55;vocation;part-tim;inapplicable;Referenc;14161102;married;33;3;16;34.49842;Switzerl;inapplic;inapplic;inapplic;since bi;german
2003;141651;East Swi;14165101;couple w;2;0;0;0;63438.07031;9738.489697;14165101;man;31;vocation;full-tim;inapplicable;Referenc;14165102;single.;5;2;16;33.979548;Switzerl;inapplic;inapplic;inapplic;since bi;german
2003;141731;Central;14173102;couple w;2;0;0;0;110440;21314.12864;14173102;woman;63;apprenti;retired;22020;Referenc;14173101;married;14;2;12;54.996192;Switzerl;inapplic;inapplic;inapplic;since bi;german
2003;141921;Central;14192102;couple w;2;0;0;0;61571.19922;12950.05106;14192102;woman;67;compulso;retired;18100;Referenc;14192101;married;18;1;9;64.873752;Switzerl;inapplic;inapplic;inapplic;1958;german
2003;141951;Central;14195101;couple w;3;1;0;0;57336.60156;12169.96685;14195101;man;37;vocation;full-tim;inapplicable;Referenc;14195102;married;6;3;16;35.240604;Switzerl;inapplic;inapplic;inapplic;since bi;german
2003;142041;Central;14204101;one pers;1;0;0;0;39143.60156;8271.077353;14204101;woman;64;apprenti;part-tim;23760;Referenc;inapplicable;widower/;0;3;12;48.290208;Switzerl;inapplic;inapplic;inapplic;1959;german
2003;142051;East Swi;14205102;couple w;4;0;2;0;123746.3984;20791.10397;14205102;woman;49;apprenti;child. w;inapplicable;Referenc;14205101;married;28;2;12;52.213056;Switzerl;inapplic;inapplic;inapplic;since bi;german
2003;142261;Central;14226101;lone par;2;0;0;1;115625;15607.8;14226101;man;64;apprenti;full-tim;inapplicable;Referenc;inapplicable;widower/;36;2;12;53.978592;Italy;inapplic;inapplic;resident;1960;italian
2003;142271;Central;14227102;couple w;5;2;1;0;109148.6016;20424.62929;14227102;woman;43;domestic;child. w;inapplicable;Referenc;14227101;married;24;3;10;55.85675;Switzerl;inapplic;inapplic;inapplic;since bi;german
2003;142331;Central;14233102;other ho;5;3;0;0;102252.7969;16586.17155;14233102;woman;47;technica;part-tim;inapplicable;Referenc;14233101;married;26;3;16;35.8777;Switzerl;inapplic;inapplic;inapplic;since bi;german
2003;142451;Central;14245101;couple w;2;0;0;0;97466.20313;13813.3388;14245101;woman;54;domestic;child. w;20260;Referenc;14245102;widower/;10;3;10;54.82048;Switzerl;inapplic;inapplic;inapplic;since bi;german
2003;142491;East Swi;14249101;couple w;2;0;0;0;175067.7969;30432.37903;14249101;man;53;universi;full-tim;inapplicable;Referenc;14249102;married;12;0;18;22.886256;Switzerl;inapplic;inapplic;inapplic;since bi;german
2003;142601;Central;14260103;other ho;2;0;1;0;28183.23242;4466.954375;14260103;woman;19;compulso;part-tim;inapplicable;Referenc;inapplicable;single.;0;1;9;67.901022;Switzerl;inapplic;inapplic;inapplic;since bi;german
2003;142631;East Swi;14263102;couple w;2;0;0;0;133919.7969;20251.73226;14263102;woman;32;universi;part-tim;inapplicable;Referenc;14263101;single.;5;0;18;24.741834;Switzerl;inapplic;inapplic;inapplic;since bi;german
2003;143031;Ticino;14303101;lone par;4;3;0;0;41967.02734;6821.359292;14303101;woman;44;universi;part-tim;inapplicable;Referenc;inapplicable;divorced;18;3;18;23.679462;Switzerl;inapplic;inapplic;inapplic;since bi;german
2003;143211;Lake Gen;14321102;couple w;2;0;0;0;136131.2031;21272.89079;14321102;woman;60;full-tim;child. w;inapplicable;Referenc;14321101;married;39;3;12;54.146496;Switzerl;inapplic;inapplic;inapplic;since bi;german
2003;143271;Middlela;14327101;one pers;1;0;0;0;43072.19922;8964.80293;14327101;man;44;apprenti;full-tim;inapplicable;Referenc;inapplicable;single.;0;0;12;52.574304;Switzerl;inapplic;inapplic;inapplic;since bi;german
2003;143351;Middlela;14335102;couple w;3;1;0;0;109576.3984;15381.74571;14335102;woman;48;vocation;part-tim;inapplicable;Referenc;14335101;married;21;1;14;40.922336;Switzerl;inapplic;inapplic;inapplic;since bi;german
2003;143561;Middlela;14356101;one pers;1;0;0;0;38141.19922;7842.681949;14356101;woman;45;bachelor;part-tim;inapplicable;Referenc;inapplicable;widower/;0;0;13;49.161474;Switzerl;inapplic;inapplic;inapplic;since bi;german
2003;143591;Middlela;14359101;lone par;2;1;0;0;50916;10613.66822;14359101;woman;44;apprenti;full-tim;inapplicable;Referenc;inapplicable;single.;12;1;12;55.825536;Switzerl;inapplic;inapplic;inapplic;since bi;german
2003;143631;Middlela;14363102;couple w;2;0;0;0;32523.49609;6728.597417;14363102;woman;64;compulso;child. w;17390;Referenc;14363101;married;44;6;9;59.231436;Switzerl;inapplic;inapplic;inapplic;since bi;german
2003;143711;North-we;14371102;lone par;3;2;0;0;85696;12834.19046;14371102;woman;42;bachelor;part-tim;inapplicable;Referenc;inapplicable;divorced;15;2;13;44.111781;Switzerl;inapplic;inapplic;inapplic;since bi;german
2003;143911;North-we;14391101;one pers;1;0;0;0;34116.76953;7679.374235;14391101;woman;69;vocation;retired;38400;Referenc;inapplicable;single.;0;0;16;34.649484;Switzerl;inapplic;inapplic;inapplic;since bi;german
2003;144001;North-we;14400102;couple w;3;0;1;0;117784.6016;18186.44942;14400102;woman;57;apprenti;child. w;inapplicable;Referenc;14400101;married;31;1;12;52.014624;Switzerl;inapplic;inapplic;inapplic;since bi;german
2003;144061;North-we;14406101;couple w;2;0;0;0;93888.20313;13804.65213;14406101;woman;69;apprenti;retired;9600;Referenc;14406102;married;46;2;12;54.411072;Switzerl;inapplic;inapplic;inapplic;1962;german
2003;144181;Zurich;14418101;couple w;2;0;0;0;64069.80078;9167.451788;14418101;woman;72;vocation;retired;15600;Referenc;14418102;married;42;3;16;29.743188;Switzerl;inapplic;inapplic;inapplic;1956;german
2003;144281;Zurich;14428101;couple w;4;2;0;0;136920.7969;26911.52835;14428101;man;47;technica;full-tim;inapplicable;Referenc;14428102;married;24;2;16;31.844948;Switzerl;inapplic;inapplic;inapplic;since bi;german
2003;144481;Zurich;14448102;couple w;5;0;3;0;183436.4063;30835.42221;14448102;woman;46;elementa;child. w;inapplicable;Referenc;14448101;married;26;3;10;59.10333;Switzerl;inapplic;inapplic;inapplic;since bi;german
2003;144691;North-we;14469102;couple w;2;0;0;0;121558.6016;23880.78159;14469102;man;49;universi;full-tim;inapplicable;Referenc;14469101;single.;0;0;18;21.483258;Switzerl;inapplic;inapplic;inapplic;since bi;german
2003;144831;East Swi;14483102;couple w;2;0;0;0;72950;11637.9648;14483102;woman;28;apprenti;full-tim;inapplicable;Referenc;14483101;single.;9;1;12;50.869824;Switzerl;inapplic;inapplic;inapplic;since bi;german
2003;145131;East Swi;14513101;couple w;2;0;0;0;50352.79688;8427.930044;14513101;woman;55;elementa;child. w;inapplicable;Referenc;14513102;married;32;2;10;54.22747;Switzerl;inapplic;inapplic;inapplic;since bi;german
2003;145132;Zurich;14513103;couple w;2;0;0;0;117685.7969;19433.13295;14513103;woman;27;universi;full-tim;inapplicable;Referenc;14513201;single.;0;3;18;23.54607;Switzerl;inapplic;inapplic;inapplic;1976;german
2003;145191;Central;14519102;couple w;2;0;0;0;115444.2031;22103.5615;14519102;woman;49;technica;part-tim;inapplicable;Referenc;14519101;married;19;0;16;34.248836;Switzerl;inapplic;inapplic;inapplic;since bi;german
2003;145201;Central;14520102;couple w;2;0;0;0;113563.2031;15980.20578;14520102;woman;57;full-tim;child. w;inapplicable;Referenc;14520101;married;30;2;12;46.723104;Switzerl;inapplic;inapplic;inapplic;since bi;german
2003;145241;Central;14524101;one pers;1;0;0;0;1340.581909;1231.010212;14524101;man;46;universi;other si;inapplicable;Referenc;inapplicable;single.;0;0;18;25.897104;Switzerl;inapplic;inapplic;inapplic;since bi;german
2003;145341;Central;14534102;lone par;4;3;0;0;57841.85938;11091.48082;14534102;woman;45;bachelor;part-tim;inapplicable;Referenc;inapplicable;separate;13;3;13;47.937306;Switzerl;inapplic;inapplic;inapplic;since bi;german
2003;145342;Central;14534201;couple w;2;0;0;0;71384.79688;12893.58707;14534201;woman;38;apprenti;part-tim;inapplicable;Referenc;14534101;separate;0;2;12;49.465536;Switzerl;inapplic;inapplic;inapplic;since bi;german
2003;145431;Central;14543102;couple w;4;2;0;0;79246.6875;14634.29701;14543102;woman;36;apprenti;child. w;inapplicable;Referenc;14543101;married;12;2;12;54.9504;Switzerl;inapplic;inapplic;inapplic;since bi;german
2003;145611;Ticino;14561101;couple w;2;0;0;0;47804;10226.15194;14561101;man;67;full-tim;retired;42860;Referenc;14561102;married;43;2;12;51.953568;Switzerl;Italy;inapplic;inapplic;1948;italian
2003;146161;Ticino;14616102;one pers;1;0;0;0;44407;8215.349632;14616102;woman;43;apprenti;full-tim;inapplicable;Referenc;inapplicable;married;0;0;12;54.685824;Switzerl;inapplic;inapplic;inapplic;since bi;italian
2003;146301;Ticino;14630101;one pers;1;0;0;0;38365;6730.08352;14630101;woman;73;apprenti;retired;45600;Referenc;inapplicable;widower/;0;3;12;52.096032;Switzerl;inapplic;inapplic;inapplic;since bi;italian
2003;146651;Ticino;14665101;couple w;4;2;0;0;49973.59375;9078.53613;14665101;man;35;compulso;full-tim;inapplicable;Referenc;14665102;married;12;2;9;59.720952;Italy;inapplic;inapplic;resident;1991;italian
